unique ID,coll code,Collection,Project name,Project number,Street address,City,County,State/Province,Country,FAST Geographic,Primary archt/firm,Collaborators:,Client,Contributor notes,Notes,Number of items,AAA box #,AAA folder #,AAA roll #,Date on drawings,Date normalized,Media,Material types:,Set type,Processor,Processing completion date,Entry date:,Rev. date:,Pres. notes:,treatment completed A,treatment completed B,treatment completed C,treatment completed D,treatment completed E,Accession #,Holding institution:
9179,AA,"Ayres & Ayres, Architects records",A. F. Sayers residence.,,Hollywood Blvd,San Antonio,Bexar,Texas,United States,Texas--San Antonio,Ayres and Ayres | architects,Matthews & Keenan | consulting engineers,"Sayers, Mr. and Mrs. A. F.",Contributor/Architect inferred by cataloger,,6,,AAf093,,1936,1936,trace paper,,"architectural/measured
structural",nls,,,Fri Feb 02 00:00:00 CST 2018,,,,,,,,
9180,AA,"Ayres & Ayres, Architects records",A.M. Russ residence.,,Alamo Heights,San Antonio,Bexar,Texas,United States,Texas--San Antonio,Ayres and Ayres | architects,,"Russ, A. M.",Contributor/Architect inferred by cataloger,,,,AAf050,,1953,1953,,,,,,,,,,,,,,,
9181,AA,"Ayres & Ayres, Architects records",Southwest Research Institute. Building 87 Vehicle Emmisions Lab. Addition.,,Culebra Rd,San Antonio,Bexar,Texas,United States,Texas--San Antonio,"Reynolds, Schlattner, Chetter and Associate Inc.",,Southwest Research Institute,,,,,AAf412,AAr130,1976,1976,,,,hr,,Mon Mar 20 00:00:00 CST 2006,,,,,,,,,
9182,AA,"Ayres & Ayres, Architects records",Alamo monument.,,,San Antonio,Bexar,Texas,United States,Texas--San Antonio,Ayres and Ayres | architects,,Alamo monument,,,,,AAf221,,undated,undated,,,,tv,,Wed Jun 02 00:00:00 CDT 2004,,,,,,,,,
9183,AA,"Ayres & Ayres, Architects records",Alamo National Bank building. Proposed.,,154 Commerce St.,San Antonio,Bexar,Texas,United States,Texas--San Antonio,Ayres and Ayres | architects,,Alamo National Bank,,,,,AAf330,AAr065,undated,undated,,,,tv,,Wed Jun 02 00:00:00 CDT 2004,,,,,,,,,
9184,AA,"Ayres & Ayres, Architects records",Alamo Plaza. Assessment Plan.,,,San Antonio,,Texas,United States,Texas--San Antonio,City Engineers Office,,,,,,,,AAr204,undated,undated,,,,hr,,Wed Mar 22 00:00:00 CST 2006,,,,,,,,,
9185,AA,"Ayres & Ayres, Architects records",Lichtenstein residence.,,,Corpus Christi,Nueces,Texas,United States,Texas--Corpus Christi,Ayres and Ayres | architects,,"Lichtenstein, Albert",Contributor/Architect inferred by cataloger,,,,AAf268,,1945,1945,,,,,,,,,,,,,,,
9186,AA,"Ayres & Ayres, Architects records",Alex Hamilton residence.,,,Cuero,DeWitt,Texas,United States,Texas--Cuero,Atlee B. Ayres | architect,,"Hamilton, Alex",,,,,AAf007,,1915,1915,"pencil on trace
ink on linen",,,bjd,,,,,,,,,,,
9187,AA,"Ayres & Ayres, Architects records",Alex Hamilton residence. Heating plan.,A1328,,Cuero,DeWitt,Texas,United States,Texas--Cuero,Lennox Furnace Company Marshalltown Iowa,,"Hamilton, Alex",,,,,AAf007,,1915,1915,blueprints on paper,,,bjd,,,,,,,,,,,
9188,AA,"Ayres & Ayres, Architects records",American Building Company house no. 2.,,,San Antonio,Bexar,Texas,United States,Texas--San Antonio,Ayres and Ayres | architects,,American Building Company,Contributor/Architect inferred by cataloger,,,,AAf269,,undated,undated,,,,tv,,Wed Jun 02 00:00:00 CDT 2004,,,,,,,,,
9189,AA,"Ayres & Ayres, Architects records",American Development Corporation residence. Northridge addition.,,Woodcrest Dr,San Antonio,Bexar,Texas,United States,Texas--San Antonio,Ayres and Ayres | architects,,American Development Corporation,Contributor/Architect inferred by cataloger,,,,AAf347,AAr079,undated,undated,,,,tv,,Wed Jun 02 00:00:00 CDT 2004,,,,,,,,,
9190,AA,"Ayres & Ayres, Architects records",American Life Insurance Building. Facade. Remodeling. Proposed.,,Broadway at Travis St.,San Antonio,Bexar,Texas,United States,Texas--San Antonio,Ayres and Ayres | architects,,American Life Insurance,Contributor/Architect inferred by cataloger,,,,AAf287,AAr035,1966,1966,,,,tv,,Wed Jun 02 00:00:00 CDT 2004,,,,,,,,,
9191,AA,"Ayres & Ayres, Architects records",Amman Building. Remodeling. Proposed.,,931 Broadway,San Antonio,Bexar,Texas,United States,Texas--San Antonio,Ayres and Ayres | architects,,Amman Building,Contributor/Architect inferred by cataloger,,,,AAf373,AAr101,1962,1962,,,,tv,,Wed Jun 02 00:00:00 CDT 2004,,,,,,,,,
9192,AA,"Ayres & Ayres, Architects records",Amye Bozarth residence.,,Park Hill Estates,San Antonio,Bexar,Texas,United States,Texas--San Antonio,Ayres and Ayres | architects,,"Bozarth, Amye",Contributor/Architect inferred by cataloger,,,,AAf033,,1927,1927,,,,tv,,Wed Jun 02 00:00:00 CDT 2004,,,,,,,,,
9193,AA,"Ayres & Ayres, Architects records",Andre Dewied condominium.,,,San Antonio,Bexar,Texas,United States,Texas--San Antonio,Ayres and Ayres | architects,,"Dewied, Andre",Contributor/Architect inferred by cataloger,,,,AAf142,,1973,1973,,,,tv,,Wed Jun 02 00:00:00 CDT 2004,,,,,,,,,
9194,AA,"Ayres & Ayres, Architects records",Arlington Heights. Topographical Map. Survey No. 89 Manuel Texada.,,,San Antonio,,Texas,United States,Texas--San Antonio,Louis Polk,,,,735.5 Acres,,,,AAr179,undated,undated,,,,hr,,Wed Mar 22 00:00:00 CST 2006,,,,,,,,,
9195,AA,"Ayres & Ayres, Architects records",Arneson River Theater. San Antonio Riverwalk.,,,San Antonio,,Texas,United States,Texas--San Antonio,Ayres and Ayres | architects,,,,San Antonio Riverwalk,,,AAf438,,undated,undated,,,,hr,,Fri Mar 10 00:00:00 CST 2006,,,,,,,,,
9196,AA,"Ayres & Ayres, Architects records",Arthur E. Biard Co. building (one story).,,San Pedro at West Magnolia Ave,San Antonio,Bexar,Texas,United States,Texas--San Antonio,Ayres and Ayres | architects,,Arthur E. Biard Co.,Contributor/Architect inferred by cataloger,,,,AAf284,,1948,1948,,,,tv,,Wed Jun 02 00:00:00 CDT 2004,,,,,,,,,
9197,AA,"Ayres & Ayres, Architects records",Ashly Minor James residence.,,"Old Tasselfoot Village Unit 1., near Fulton",Fulton,Aransas,Texas,United States,Texas--Fulton,Ayres and Ayres | architects,,"James, Ashly Minor",Contributor/Architect inferred by cataloger,,,,AAf204,,1957,1957,,,,,,,,,,,,,,,
9198,AA,"Ayres & Ayres, Architects records",Atlee B. Ayres Jr. residence.,,224 West Mulberry,San Antonio,Bexar,Texas,United States,Texas--San Antonio,Atlee B. Ayres and Robert M. Ayres | architects,,"Ayres, Atlee B., Jr.",,Year provided by current owner (1/3/02),,,AAf101,,1918,1918,ink on paper,,,tv,,Wed Jun 02 00:00:00 CDT 2004,,,,,,,,,
9199,AA,"Ayres & Ayres, Architects records",August C. Richter store. Remodeling.,,,Laredo,Webb,Texas,United States,Texas--Laredo,Ayres and Ayres | architects,,"Richter, August C.",Contributor/Architect inferred by cataloger,,,,AAf381,AAr109,1965,1965,,,,,,,,,,,,,,,
9200,AA,"Ayres & Ayres, Architects records",Ayres and Ayres firm banners.,,,,,,,,Atlee B. Ayres and Robert M. Ayres | architects,,,,"“Atlee B. Ayres & Robert M. Ayres Architects, San Antonio, Texas,” “Atlee B. Ayres & Robert M. Ayres, Architects, Members of the American Institute of Architects” Banners",,,,AAr212,undated,undated,,other (see Notes),preliminary,"djc, kap",,Thu Jul 27 00:00:00 CDT 2006,,,,,,,,2006016,
9201,AA,"Ayres & Ayres, Architects records",Aztec Theater. Parking garage. Proposed.,,St. Mary’s St at Commerce,San Antonio,Bexar,Texas,United States,Texas--San Antonio,Ayres and Ayres | architects,,Aztec Theater,Contributor/Architect inferred by cataloger,,,,AAf394,AAr121,1966,1966,,,,tv,,Wed Jun 02 00:00:00 CDT 2004,,,,,,,,,
9202,AA,"Ayres & Ayres, Architects records",B.R. Webb residence. Alterations.,,,San Antonio,Bexar,Texas,United States,Texas--San Antonio,Atlee B. Ayres and Robert M. Ayres | architects,,"Webb, B. R.",,"May 2, 1930",,,,AAr209,1930,1930,trace paper,drawings,architectural/measured,"djc, kap",,Tue Jul 25 00:00:00 CDT 2006,,"E fasteners/rehouse
torn",,,,,,2006016,
9203,AA,"Ayres & Ayres, Architects records",Bache and Co.  Remodeling of Office.(Gunter Hotel Building),,St. Mary’s,San Antonio,,Texas,United States,Texas--San Antonio,Ayres and Ayres | architects,,,,Date: 3-12-57.,,,AAf371,AAr099,1957,1957,paper,,,hr,,Fri Mar 10 00:00:00 CST 2006,,,,,,,,,
9204,AA,"Ayres & Ayres, Architects records",Bank of Commerce of Laredo.,,San Bernardo Ave at Scott Street,Laredo,Webb,Texas,United States,Texas--Laredo,Atlee B. Ayres and Robert M. Ayres | architects,,Bank of Commerce of Laredo,,,,,AAf334,AAr070,1966,1966,,,,tv,,Wed Jun 02 00:00:00 CDT 2004,,,,,,,,,
9205,AA,"Ayres & Ayres, Architects records",Bank of Commerce of Laredo. Additions.,,San Bernardo Ave at Scott Street,Laredo,Webb,Texas,United States,Texas--Laredo,Atlee B. Ayres and Robert M. Ayres | architects,,Bank of Commerce of Laredo,,,,,AAf334.1,AAr070,1968-1969,1968-1969,,,,tv,,Wed Jun 02 00:00:00 CDT 2004,,,,,,,,,
9206,AA,"Ayres & Ayres, Architects records",Bank of Commerce of Laredo. Addition.,,San Bernardo Ave at Scott St,Laredo,Webb,Texas,United States,Texas--Laredo,Atlee B. Ayres and Robert M. Ayres | architects,,Bank of Commerce of Laredo,,,,,AAf334.2,,1975,1975,,,,tv,,Wed Jun 02 00:00:00 CDT 2004,,,,,,,,,
9207,AA,"Ayres & Ayres, Architects records",Barn.,,,,,,,,Ayres and Ayres | architects,,"Brunner, Mr. Oscar.",,,,,AAf264,,undated,undated,paper,,,hr,,Mon Mar 13 00:00:00 CST 2006,,,,,,,,,
9208,AA,"Ayres & Ayres, Architects records",Basila medical and apartment building. Proposed.,,Santa Rosa between Houston and Commerce,San Antonio,Bexar,Texas,United States,Texas--San Antonio,Atlee B. Ayres and Robert M. Ayres | architects,,"Basila, Mr. and Mrs.",,,,,AAf426,AAr144,1969-1972,1969-1972,,,,tv,,Wed Jun 02 00:00:00 CDT 2004,,,,,,,,,
9209,AA,"Ayres & Ayres, Architects records",Basila parking garage. Proposed.,,Laredo St,San Antonio,Bexar,Texas,United States,Texas--San Antonio,Ayres and Ayres | architects,,Basila parking garage,Contributor/Architect inferred by cataloger,,,,AAf388,AAr114,1972-1973,1972-1973,,,,tv,,Wed Jun 02 00:00:00 CDT 2004,,,,,,,,,
9210,AA,"Ayres & Ayres, Architects records",Basila Pharmacy.,,Laredo St,San Antonio,Bexar,Texas,United States,Texas--San Antonio,Atlee B. Ayres and Robert M. Ayres | architects,,Basila,,,,,AAf425.a,,1973-1974,1973-1974,,,presentation,tv,,Wed Jun 02 00:00:00 CDT 2004,,,,,,,,,
9211,AA,"Ayres & Ayres, Architects records",Basila Properties maps.,,,San Antonio,,Texas,United States,Texas--San Antonio,Atlee B. Ayres and Robert M. Ayres | architects,,Basila,,"Date: July15, 1966, MArch 20, 1968, Oct. 1969, July 24, 1970.  Set type: maps and surveys.",,,AAf424,,1966-1970,1966-1970,"paper
prints (ex. bluelines)",,other (see notes),hr,,Fri Mar 10 00:00:00 CST 2006,,,,,,,,,
9212,AA,"Ayres & Ayres, Architects records",Bedell Building.,,Flores St travis and Avenue C,San Antonio,Bexar,Texas,United States,Texas--San Antonio,Ayres and Ayres | architects,,Bedell Building,Contributor/Architect inferred by cataloger,,,,AAf218,AAr021,1910,1910,,,,tv,,Wed Jun 02 00:00:00 CDT 2004,,,,,,,,,
9213,AA,"Ayres & Ayres, Architects records",Bee County Courthouse. Remodeling.,,,Beeville,Bee,Texas,United States,Texas--Beeville,Ayres and Ayres | architects,,Bee County,Contributor/Architect inferred by cataloger,,,,AAf153,AAr010,1973,1973,,,,tv,,Wed Jun 02 00:00:00 CDT 2004,,,,,,,,,
9214,AA,"Ayres & Ayres, Architects records",Beeville Country Club. Alterations.,,Highway 81 North,Beeville,Bee,Texas,United States,Texas--Beeville,Ayres and Ayres | architects,,Beeville Country Club,Contributor/Architect inferred by cataloger,,,,AAf196,,1972,1972,,,,tv,,Wed Jun 02 00:00:00 CDT 2004,,,,,,,,,
9215,AA,"Ayres & Ayres, Architects records",Bel Meade Community Center. Addition.,,Burr Rd at Beverly,Bel Meade,,Texas,United States,Texas--Bel Meade,Ayres and Ayres | architects,,Bel Meade Community Center,Contributor/Architect inferred by cataloger,,,,AAf285,,1953,1953,,,,tv,,Wed Jun 02 00:00:00 CDT 2004,,,,,,,,,
9216,AA,"Ayres & Ayres, Architects records",Bessie Pryor residence.,,,San Antonio,Bexar,Texas,United States,Texas--San Antonio,Ayres and Ayres | architects,,"Pryor, Bessie",Contributor/Architect inferred by cataloger,,,,AAf021,,undated,undated,,,,,,,,,,,,,,,
9217,AA,"Ayres & Ayres, Architects records",Bexar County Agricultural and Livestock Exhibition buildings.,,Houston St,San Antonio,Bexar,Texas,United States,Texas--San Antonio,Ayres and Ayres | architects,,Bexar County,Contributor/Architect inferred by cataloger,,,,AAf396,,1949,1949,,,,tv,,Wed Jun 02 00:00:00 CDT 2004,,,,,,,,,
9218,AA,"Ayres & Ayres, Architects records",Bexas County Teaching hospital (South Texas Medical Center).,,Medical Drive,San Antonio,,Texas,United States,Texas--San Antonio,Ayres and Ayres | architects,"Phelps & Simmons & Associates; Bartlett, Cocke and Associates",,,"Date: 9-1-65, 10-14-65.",,,AAf420,,1965,1965,prints (ex. bluelines),,,hr,,Fri Mar 10 00:00:00 CST 2006,,,,,,,,,
9219,AA,"Ayres & Ayres, Architects records",Blackstock residence.,,"100 Alameda, Olmos Park",San Antonio,Bexar,Texas,United States,Texas--San Antonio,Ayres and Ayres | architects,,Blackstock,,,,,,,1937,1937,"trace paper
blueprints","3 dimensional
drawings",,bjd,,,,,,,,,,1998021,
9220,AA,"Ayres & Ayres, Architects records",Blackstock residence.,,"100 Alameda Circle, Olmos Park",San Antonio,Bexar,Texas,United States,Texas--San Antonio,Atlee B. Ayres and Robert M. Ayres | architects,,"Blackstock, Mr. & Mrs.",,"Date: October 14, 1937",,,,AAr206,1937,1937,prints (ex. bluelines),drawings,architectural/measured,"djc, kap",,Tue Jul 25 00:00:00 CDT 2006,,torn,,,,,,2006016,
9221,AA,"Ayres & Ayres, Architects records",Bonner residence.,,McCullough Ave,San Antonio,Bexar,Texas,United States,Texas--San Antonio,Ayres and Ayres | architects,,Bonner,Contributor/Architect inferred by cataloger,,,,AAf026,,undated,undated,,,,tv,,Wed Jun 02 00:00:00 CDT 2004,,,,,,,,,
9222,AA,"Ayres & Ayres, Architects records",Borchers residence.,,Lakeview Boulevard,New Braunfels,,Texas,United States,Texas--New Braunfels,Frost Carvel,,,,,,,AAf260,,1900,1900,prints (ex. bluelines),,,hr,,Fri Mar 10 00:00:00 CST 2006,,,,,,,,,
9223,AA,"Ayres & Ayres, Architects records",Borden Co. ice cream building (Mistletoe Creamery).,,East Ashby Place at Memorial Drive.,San Antonio,,Texas,United States,Texas--San Antonio,Ayres and Ayres | architects,,,,See original residence and other additions(Folder 187) AAr015 are sepia prints of 1930s set,,,AAf187.6,AAr015,1900,1900,paper,,,hr,,Fri Mar 10 00:00:00 CST 2006,,,,,,,,,
9224,AA,"Ayres & Ayres, Architects records",Borden's Creameries plant (Mistletoe Creamery). Additions and alterations.,,East Ashby Place at Memorial Dr,San Antonio,Bexar,Texas,United States,Texas--San Antonio,Ayres and Ayres | architects,,Borden's Creameries,Contributor/Architect inferred by cataloger,,,,AAf187.1,AAr015,1945-1946,1945-1946,,,,tv,,Wed Jun 02 00:00:00 CDT 2004,,,,,,,,,
9225,AA,"Ayres & Ayres, Architects records",Borden's Creameries plant (Mistletoe Creamery). Additions and alterations.,,East Ashby Place at Memorial Dr,San Antonio,Bexar,Texas,United States,Texas--San Antonio,Ayres and Ayres | architects,,Borden's Creameries,Contributor/Architect inferred by cataloger,,,,AAf187.2,AAr015,1948,1948,,,,tv,,Wed Jun 02 00:00:00 CDT 2004,,,,,,,,,
9226,AA,"Ayres & Ayres, Architects records",Borden's Creameries plant (Mistletoe Creamery). Additions and alterations.,,East Ashby Place at Memorial Dr,San Antonio,Bexar,Texas,United States,Texas--San Antonio,Ayres and Ayres | architects,,Borden's Creameries,Contributor/Architect inferred by cataloger,,,,AAf187.3,AAr015,1951-1952,1951-1952,,,,tv,,Wed Jun 02 00:00:00 CDT 2004,,,,,,,,,
9227,AA,"Ayres & Ayres, Architects records",Borden's Creameries plant (Mistletoe Creamery). Additions and alterations.,,East Ashby Place at Memorial Dr,San Antonio,Bexar,Texas,United States,Texas--San Antonio,Ayres and Ayres | architects,,Borden's Creameries,Contributor/Architect inferred by cataloger,,,,AAf187.4,AAr015,1956,1956,,,,tv,,Wed Jun 02 00:00:00 CDT 2004,,,,,,,,,
9228,AA,"Ayres & Ayres, Architects records",Borden's Creameries plant (Mistletoe Creamery). Additions and alterations.,,East Ashby Place at Memorial Dr,San Antonio,Bexar,Texas,United States,Texas--San Antonio,Ayres and Ayres | architects,,Borden's Creameries,Contributor/Architect inferred by cataloger,,,,AAf187.5,AAr015,1963-1964,1963-1964,,,,tv,,Wed Jun 02 00:00:00 CDT 2004,,,,,,,,,
9229,AA,"Ayres & Ayres, Architects records",Borns subdivision in the J.P. Schatzell Tract. Plat and survey.,,,San Antonio,,Texas,United States,Texas--San Antonio,Southwell Map Company,,,,,,,,AAr190,undated,undated,prints (ex. bluelines),,,hr,,Wed Mar 22 00:00:00 CST 2006,,,,,,,,,
9230,AA,"Ayres & Ayres, Architects records",Bowman residence. Additions.,,202 Bushnell Street.,San Antonio,,Texas,,,Ayres and Ayres | architects,,,,"Date: 8/30/1954, 9-18-54, 1-18-55, 2-7-55.  See later additions (folder 88) See blueprints (blueprint folder 28).",,,AAf088.1,,1954-1955,1954-1955,"paper
sepias (use barrier sheets)",,,hr,,Fri Mar 10 00:00:00 CST 2006,,sheets 27 and 38 are badly torn.,,,,,,,
9231,AA,"Ayres & Ayres, Architects records",Bowman residence. Additions.,,202 Bushnell Street.,San Antonio,,Texas,,,Ayres and Ayres | architects,,"Bowman, Mr. and Mrs Jack.",,"Date: Jan. 26, 1961, Jan. 31, 1961, March 8, 1961, 5-11-61.",,,AAf088,,1961,1961,paper,,,hr,,Fri Mar 10 00:00:00 CST 2006,,Sheet 10 is badly torn.,,,,,,,
9232,AA,"Ayres & Ayres, Architects records",Brackenridge residence.,,,San Antonio,,Texas,,,Ayres and Ayres | architects,,"Brackenridge, Mr. and Miss B.",,See George W. Brackenridge residnece.,,,AAf036,,1900,1900,paper,,,hr,,Mon Mar 13 00:00:00 CST 2006,,,,,,,,,
9233,AA,"Ayres & Ayres, Architects records",Brownsville Post-War Memorial Building.,,,Brownsville,Cameron,Texas,United States,Texas--Brownsville,Ayres and Ayres | architects,,Brownsville Post-War Memorial,Contributor/Architect inferred by cataloger,,,,AAf304,,undated,undated,,,,,,,,,,,,,,,
9234,AA,"Ayres & Ayres, Architects records",Brownsville Savings and Loan Association building.,,,Brownsville,Cameron,Texas,United States,Texas--Brownsville,Ayres and Ayres | architects,,Brownsville Savings and Loan Association,Contributor/Architect inferred by cataloger,2,,,AAf475,,undated,undated,,,,tv,,Wed Jun 02 00:00:00 CDT 2004,,,,,,,,,
9235,AA,"Ayres & Ayres, Architects records",Burbank Junior and Senior High School. Auditorium and classroom addition.,,1002 Edwards St,San Antonio,Bexar,Texas,United States,Texas--San Antonio,Ayres and Ayres | architects,,Burbank Junior and Senior High School,Contributor/Architect inferred by cataloger,,,,AAf341,AAr076,1964,1964,,,,tv,,Wed Jun 02 00:00:00 CDT 2004,,,,,,,,,
9236,AA,"Ayres & Ayres, Architects records",Bushnell apartments.,,240 Bushnell,San Antonio,,Texas,,,Kelwood Co. Inc.,,,,Date: 1-6-26.  Street address is questionable.  See verticcal files for correspondance and other material.  See Ayres and Ayres for later additions (folder 350).,,,AAf350,,1926,1926,prints (ex. bluelines),,,hr,,Mon Mar 13 00:00:00 CST 2006,,,,,,,,,
9237,AA,"Ayres & Ayres, Architects records",C. W. Fenstermaker apartment.,,South Broadway,San Antonio,Bexar,Texas,United States,Texas--San Antonio,Ayres and Ayres | architects,,"Fenstermaker, C. W.",Contributor/Architect inferred by cataloger,,,,AAf293,AAr042,1967,1967,,,,tv,,Wed Jun 02 00:00:00 CDT 2004,,,,,,,,,
9238,AA,"Ayres & Ayres, Architects records",C.F. Urshel residence.,,,San Antonio,Bexar,Texas,United States,Texas--San Antonio,Ayres and Ayres | architects,,"Urshel, Mr. and Mrs. C. F.",Contributor/Architect inferred by cataloger,,,,AAf116,,undated,undated,,,,,,,,,,,,,,,
9239,AA,"Ayres & Ayres, Architects records",C.N. Chubb residence.,,Alamo Heights,San Antonio,Bexar,Texas,United States,Texas--San Antonio,Ayres and Ayres | architects,,"Chubb, C. N.",Contributor/Architect inferred by cataloger,,,,AAf044,,1940,1940,,,,tv,,Wed Jun 02 00:00:00 CDT 2004,,,,,,,,,
9240,AA,"Ayres & Ayres, Architects records",Cadwallader residence.,,214 Morningside Drive.,San Antonio,,Texas,,,Ayres and Ayres | architects,,"Cadwallader III, Mr. and Mrs A.H.",,"Date: Feb. 24, 1950, 2-1-50.  See blueprints (blueprints folder 26).",,,AAf134,AAr009,1950,1950,"paper
prints (ex. bluelines)",,,hr,,Mon Mar 13 00:00:00 CST 2006,,,,,,,,,
9241,AA,"Ayres & Ayres, Architects records",Calcasieu Building.,,Avenue C at Travis St,San Antonio,Bexar,Texas,United States,Texas--San Antonio,Ayres and Ayres | architects,,Calcasieu,Contributor/Architect inferred by cataloger,,,,AAf209,,undated,undated,,,,tv,,Wed Jun 02 00:00:00 CDT 2004,,,,,,,,,
9242,AA,"Ayres & Ayres, Architects records",Callaghan Land and Pastoral Company building.,,,,Callahan,Texas,United States,,Ayres and Ayres | architects,,Callaghan Land and Pastoral Company,Contributor/Architect inferred by cataloger,,,,AAf378,AAr106,1947,1947,,,,tv,,Wed Jun 02 00:00:00 CDT 2004,,,,,,,,,
9243,AA,"Ayres & Ayres, Architects records",Callaghan Land and Pastoral Company one story commisary building.,,,Callaghan,,Texas,,,Ayres and Ayres | architects,,,,,,,AAf378.1,AAr106,1940,1940,paper,,,hr,,Mon Mar 13 00:00:00 CST 2006,,,,,,,,,
9244,AA,"Ayres & Ayres, Architects records",Cameron County Courthouse.,,,Brownsville,Cameron,Texas,United States,Texas--Brownsville,Ayres and Ayres | architects,,Cameron County,Contributor/Architect inferred by cataloger,,,,AAf153,AAr010,1912,1912,,,,tv,,Wed Jun 02 00:00:00 CDT 2004,,,,,,,,,
9245,AA,"Ayres & Ayres, Architects records",Carl Newton residence.,,Park Hill Dr at Robinson Rd,San Antonio,Bexar,Texas,United States,Texas--San Antonio,Ayres and Ayres | architects,,"Newton, Carl",Contributor/Architect inferred by cataloger,,,,AAf139,,1927,1927,,,,,,,,,,,,,,,
9246,AA,"Ayres & Ayres, Architects records",Carolyn Halff residence.,,105 Madison,San Antonio,Bexar,Texas,United States,Texas--San Antonio,Atlee B. Ayres | architect,,"Halff, Carolyn",,,,,AAf017,,undated,undated,,,,tv,,Wed Jun 02 00:00:00 CDT 2004,,,,,,,,,
9247,AA,"Ayres & Ayres, Architects records",Carpenter Paper Company office and warehouse building.,,North Medina at Morales,San Antonio,Bexar,Texas,United States,Texas--San Antonio,Ayres and Ayres | architects,,Carpenter Paper Company,Contributor/Architect inferred by cataloger,,,,AAf365,AAr093,1946-51,1946-51,,,,tv,,Wed Jun 02 00:00:00 CDT 2004,,,,,,,,,
9248,AA,"Ayres & Ayres, Architects records",Casey Herschfield residence.,,Park Hill Estates,San Antonio,Bexar,Texas,United States,Texas--San Antonio,Ayres and Ayres | architects,,"Herschfield, Casey",Contributor/Architect inferred by cataloger,,,,AAf081,,undated,undated,,,,,,,,,,,,,,,
9249,AA,"Ayres & Ayres, Architects records",Catto Building.,,Soledad at Convent Sts,San Antonio,Bexar,Texas,United States,Texas--San Antonio,Ayres and Ayres | architects,,Catto Building,Contributor/Architect inferred by cataloger,,,,AAf212,,1962-1963,1962-1963,,,,tv,,Wed Jun 02 00:00:00 CDT 2004,,,,,,,,,
9250,AA,"Ayres & Ayres, Architects records",Catto Building.,,Soledad at Convent Sts,San Antonio,Bexar,Texas,United States,Texas--San Antonio,Ayres and Ayres | architects,,Catto Building,Contributor/Architect inferred by cataloger,,,,AAf212.1,,1968,1968,,,,tv,,Wed Jun 02 00:00:00 CDT 2004,,,,,,,,,
9251,AA,"Ayres & Ayres, Architects records",Catto Building.,,Soledad at Convent Sts,San Antonio,Bexar,Texas,United States,Texas--San Antonio,Ayres and Ayres | architects,,Catto Building,Contributor/Architect inferred by cataloger,,,,AAf212.2,,1971,1971,,,,tv,,Wed Jun 02 00:00:00 CDT 2004,,,,,,,,,
9252,AA,"Ayres & Ayres, Architects records",Catto Building.,,Soledad at Convent Sts,San Antonio,Bexar,Texas,United States,Texas--San Antonio,Ayres and Ayres | architects,,Catto Building,Contributor/Architect inferred by cataloger,,,,AAf212.3f,,1974,1974,,,,tv,,Wed Jun 02 00:00:00 CDT 2004,,,,,,,,,
9253,AA,"Ayres & Ayres, Architects records",Central Park Shopping Center.,,243 Central Park,San Antonio,,Texas,,,William E. Parrish | architectural firm,,,,"Date: 12-15-66, April 10, 1967, August 30, 1967, Nov. 8, 1967.",,,AAf280,AAr031,1966-1967,1966-1967,prints (ex. bluelines),,,hr,,Mon Mar 13 00:00:00 CST 2006,,,,,,,,,
9254,AA,"Ayres & Ayres, Architects records",Chadwick ranch residence.,,,,Wilson,Texas,,,Ayres and Ayres | architects,,"Chadwick, J.B.",,"See blueprints (bluerint folder 8), 8-25-75, 8-27-75, 9-3-75, Sept. 10 1975, oct 23, 1975, Oct 24, 1975.",,,AAf062,,1975,1975,"paper
prints (ex. bluelines)",,,hr,,Mon Mar 13 00:00:00 CST 2006,,,,,,,,,
9255,AA,"Ayres & Ayres, Architects records",Chadwick ranch residence.,,Park Hill Estates,San Antonio,Bexar,Texas,United States,Texas--San Antonio,Ayres and Ayres | architects,,"Chadwick, John B.",Contributor/Architect inferred by cataloger,,,,AAf138,,1928-1929,1928-1929,,,,tv,,Wed Jun 02 00:00:00 CDT 2004,,,,,,,,,
9256,AA,"Ayres & Ayres, Architects records",Chandler residence.,,124 West French Place,San Antonio,Bexar,Texas,United States,Texas--San Antonio,C. A. Coughlin,,"Chandler, E. B.",,Project name and date were derived,,,AAf016,,1905,1905,,,,"tv, ag",,Tue Oct 10 00:00:00 CDT 2006,,,,,,,,,
9257,AA,"Ayres & Ayres, Architects records",Charles Schreiner residence and servant’s quarters. Remodeling.,,Bushnell Place,San Antonio,Bexar,Texas,United States,Texas--San Antonio,Ayres and Ayres | architects,,"Schreiner, Mr. and Mrs. Charles",Contributor/Architect inferred by cataloger,,,,AAf060,,undated,undated,,,,,,,,,,,,,,,
9258,AA,"Ayres & Ayres, Architects records",Chris Marrou residence.,,,Fair Oaks Ranch,Comal,Texas,United States,Texas--Fair Oaks Ranch,Ayres and Ayres | architects,,"Marrou, Chris",Contributor/Architect inferred by cataloger,"????county comal, bexar, or kendall.",,,AAf261,,1977,1977,,,,,,,,,,,,,,,
9259,AA,"Ayres & Ayres, Architects records",Christ Episcopal Church. Auditorium and classroom addition and remodeling.,,,San Antonio,Bexar,Texas,United States,Texas--San Antonio,Ayres and Ayres | architects,,Christ Episcopal Church,,,,,,AAr198-AAr200,1954-1955,1954-1955,"trace paper
prints (ex. bluelines)",undetermined,"architectural/measured
structural
mechanical/plumbing/HVAC",bjd,,Tue Jun 26 00:00:00 CDT 2001,,"D humid./flatten
E fasteners/rehouse",,,,n,y,2000034,
9260,AA,"Ayres & Ayres, Architects records",Christ Episcopal Church. Carriage house property site plan.,,West Russell Place,San Antonio,Bexar,Texas,United States,Texas--San Antonio,J. Fred Buenz | architect,,Christ Episcopal Church,,Date= 2/15/1971,,,,AAr198-AAr200,1971,1971,trace paper,undetermined,site/landscape ,bjd,,Tue Jun 26 00:00:00 CDT 2001,,"D humid./flatten
E fasteners/rehouse",,,,n,y,2000034,
9261,AA,"Ayres & Ayres, Architects records",Christ Episcopal Church. Education Building.,,Belknap,San Antonio,Bexar,Texas,United States,Texas--San Antonio,Ayres and Ayres | architects,,Christ Episcopal Church,,Drafted by Birkholz.,,,,AAr198-AAr200,1948,1948,"trace paper
prints (ex. bluelines)",undetermined,architectural/measured,bjd,,Tue Jun 26 00:00:00 CDT 2001,,"D humid./flatten
E fasteners/rehouse",,,,n,y,2000034,
9262,AA,"Ayres & Ayres, Architects records",Christ Episcopal Church. New addition.,,,San Antonio,Bexar,Texas,United States,Texas--San Antonio,Atlee B. Ayres and Robert M. Ayres | architects,,Christ Episcopal Church,,,,,,AAr198-AAr200,undated,undated,trace paper,undetermined,architectural/measured,bjd,,Tue Jun 26 00:00:00 CDT 2001,,"D humid./flatten
E fasteners/rehouse",,,,n,y,2000034,
9263,AA,"Ayres & Ayres, Architects records",Christ Episcopal Church. Parking lot.,,"Belknap Pl., W. French Pl. and W. Russel Place",San Antonio,Bexar,Texas,United States,Texas--San Antonio,J. Fred Buenz | architect,,Christ Episcopal Church,,,,,,AAr198-AAr200,undated,undated,trace paper,undetermined,site/landscape ,bjd,,Tue Jun 26 00:00:00 CDT 2001,,"D humid./flatten
E fasteners/rehouse",,,,n,y,2000034,
9264,AA,"Ayres & Ayres, Architects records",Christ Episcopal Church. Storage building.,,301 W. Russell Place,San Antonio,Bexar,Texas,United States,Texas--San Antonio,J. Fred Buenz | architect,,Christ Episcopal Church,,Date= 7-29-1953.,,,,AAr198-AAr200,1953,1953,trace paper,undetermined,architectural/measured,bjd,,Tue Jun 26 00:00:00 CDT 2001,,"D humid./flatten
E fasteners/rehouse",,,,n,y,2000034,
9265,AA,"Ayres & Ayres, Architects records",Christ Episcopal Church. Unidentified projects.,,,San Antonio,Bexar,Texas,United States,Texas--San Antonio,Ayres and Ayres | architects,,Christ Episcopal Church,,Project name derived from receipt inventory.  Drawings were received rolled with other Christ Episcopal Church projects by Ayres and Ayres.,,,,AAr198-AAr200,undated,undated,trace paper,undetermined,architectural/measured,bjd,,Tue Jun 26 00:00:00 CDT 2001,,"D humid./flatten
E fasteners/rehouse",,,,n,y,2000034,
9266,AA,"Ayres & Ayres, Architects records",Chuck Ennis residence. Addition.,,103 Wyndale,San Antonio,Bexar,Texas,United States,Texas--San Antonio,Ayres and Ayres | architects,,"Ennis, Chuck",Contributor/Architect inferred by cataloger,,,,AAf077,,undated,undated,,,,tv,,Wed Jun 02 00:00:00 CDT 2004,,,,,,,,,
9267,AA,"Ayres & Ayres, Architects records","City Hall (Laredo, Tex.).",,,Laredo,Webb,Texas,United States,Texas--Laredo,Ayres and Ayres | architects,,"Laredo, City of",Contributor/Architect inferred by cataloger,,,,AAf222,,1929,1929,,,,,,,,,,,,,,,
9268,AA,"Ayres & Ayres, Architects records",City of San Antonio. Sections 3 and 11 plat.,,,San Antonio,,Texas,United States,Texas--San Antonio,unidentified | contributor,,,,,,,,AAr177,undated,undated,,,,hr,,Wed Mar 22 00:00:00 CST 2006,,,,,,,,,
9269,AA,"Ayres & Ayres, Architects records",Civic Center (Oklahoma City). Underground parking garage.,,,Oklahoma City,Oklahoma,Oklahoma,United States,Oklahoma--Oklahoma City,Ayres and Ayres | architects,,Oklahoma City,Contributor/Architect inferred by cataloger,,,,AAf391,AAr116,undated,undated,,,,,,,,,,,,,,,
9270,AA,"Ayres & Ayres, Architects records","Civic center (San Antonio, Tex.). Proposed.",,San Antonio Road at East Edith St,San Antonio,Bexar,Texas,United States,Texas--San Antonio,Ayres and Ayres | architects,,"San Antonio, City of",Contributor/Architect inferred by cataloger,Date is questionable 195-.,,,AAf437,,1950,1950,,,,,,,,,,,,,,,
9271,AA,"Ayres & Ayres, Architects records",Clara Seeling Lowrey et al. Property. Plat.,,,San Antonio,,Texas,United States,Texas--San Antonio,James Adams | surveyor,,,,,,,,AAr192,undated,undated,prints (ex. bluelines),,,hr,,Wed Mar 22 00:00:00 CST 2006,,,,,,,,,
9272,AA,"Ayres & Ayres, Architects records",Clark residence. Addition.,,,Corpus Christi,Nueces,Texas,United States,Texas--Corpus Christi,Ayres and Ayres | architects,,"Clark, Dan (Mr. and Mrs.)",,"See palns for original residence (folder 51) June 29, 1948, July 16, 1948.",,,AAf051.1,,1948,1948,paper,,,hr,,Mon Mar 13 00:00:00 CST 2006,,,,,,,,,
9273,AA,"Ayres & Ayres, Architects records",Clifton George Jr. residence.,,,San Antonio,Bexar,Texas,United States,Texas--San Antonio,Ayres and Ayres | architects,,"George, Clifton, Jr.",Contributor/Architect inferred by cataloger,,,,AAf091,,1928,1928,,,,tv,,Wed Jun 02 00:00:00 CDT 2004,,,,,,,,,
9274,AA,"Ayres & Ayres, Architects records",Coker Elementary School.,,Heimer Rd,,Bexar,Texas,United States,,Ayres and Ayres | architects,,Coker Elementary School,Contributor/Architect inferred by cataloger,,,,AAf342,AAr077,1953,1953,,,,tv,,Wed Jun 02 00:00:00 CDT 2004,,,,,,,,,
9275,AA,"Ayres & Ayres, Architects records",Carter residence.,,Westover Hills,Fort Worth,Tarrant,Texas,United States,Texas--Fort Worth,Ayres and Ayres | architects,,"Carter, Coleman",Contributor/Architect inferred by cataloger,,,,AAf100,,1947-1949,1947-1949,,,,tv,,Wed Jun 02 00:00:00 CDT 2004,,,,,,,,,
9276,AA,"Ayres & Ayres, Architects records",Coleman residence.,,,Crystal City,,Texas,,,Ayres and Ayres | architects,,,,Date: 12-49-60.,,,AAf097,,1960,1960,paper,,,hr,,Mon Mar 13 00:00:00 CST 2006,,,,,,,,,
9277,AA,"Ayres & Ayres, Architects records","Commercial National Bank (Beeville, Tex.).",,Washington St at Corpus Christi St,Beeville,Bee,Texas,United States,Texas--Beeville,Ayres and Ayres | architects,,"Commercial National Bank (Beeville, Tex.)",Contributor/Architect inferred by cataloger,,,,AAf176,AAr013,1964,1964,,,,tv,,Wed Jun 02 00:00:00 CDT 2004,,,,,,,,,
9278,AA,"Ayres & Ayres, Architects records","Commercial National Bank (Beeville, Tex.).",,Washington St at Corpus Christi St,Beeville,Bee,Texas,United States,Texas--Beeville,Ayres and Ayres | architects,,"Commercial National Bank (Beeville, Tex.)",Contributor/Architect inferred by cataloger,,,,AAf176.1,AAr013,1975-1977,1975-1977,,,,tv,,Wed Jun 02 00:00:00 CDT 2004,,,,,,,,,
9279,AA,"Ayres & Ayres, Architects records",Confederate Women's Home Hospital.,,,Austin,Travis,Texas,United States,Texas--Austin,Ayres and Ayres | architects,,Confederate Women's Home,Contributor/Architect inferred by cataloger,,,,AAf251,,1915,1915,,,,tv,,Wed Jun 02 00:00:00 CDT 2004,,,,,,,,,
9280,AA,"Ayres & Ayres, Architects records","Corpus Christi, Tx. Official Zoning Map.",,,Corpus Christi,Nueces,Texas,United States,Texas--Corpus Christi,A. C. Walker; Philip Castaneda,,,,,,,,AAr181,undated,undated,,,,hr,,Wed Mar 22 00:00:00 CST 2006,,,,,,,,,
9281,AA,"Ayres & Ayres, Architects records",Crucifix Monument.,,,San Antonio,Bexar,Texas,United States,Texas--San Antonio,Ayres and Ayres | architects,,Crucifix Monument,Contributor/Architect inferred by cataloger,,,,AAf149,,undated,undated,,,,tv,,Wed Jun 02 00:00:00 CDT 2004,,,,,,,,,
9282,AA,"Ayres & Ayres, Architects records",Cuero Church.,,,Cuero,DeWitt,Texas,United States,Texas--Cuero,Ayres and Ayres | architects,,Cuero Church,Contributor/Architect inferred by cataloger,,,,AAf248,,undated,undated,,,,tv,,Wed Jun 02 00:00:00 CDT 2004,,,,,,,,,
9283,AA,"Ayres & Ayres, Architects records",D.J. Atkinson residence (Marion Koogler McNay Art Institute).,,"6000 North New Braunfels, Terrell Hills",San Antonio,Bexar,Texas,United States,Texas--San Antonio,Ayres and Ayres | architects,,"Atkinson, Dr. and Mrs. D.J.",Contributor/Architect inferred by cataloger,"4 drawings at CDL and 4 at Battle COPAR: Bexar Co.: deeds; Institute of Tx Cultures: aerial photos; DRT: clippings; all 8 dwgs sent to Kilgarlin Center PCS Paper Lab 2 class 9/2006: Fletcher Durant, Brenna Campbell, Elizabeth Bittner, Lauren Telepak, Melissa Straw, Tonia Grafakos, Amy Baker, Anna Friedman ;  2 floor plans and 2 elevations worked on and returned to folder 258",8,,AAf258 dr.57e,,1927,1927,trace paper,drawings,"architectural/measured
mechanical/plumbing/HVAC",tv,,Wed Jun 02 00:00:00 CDT 2004,2023-07-27 00:00:00,"B prof. conservator extensive tape removal needed and tears to be mended
B prof. conservator",,,,,,,
9284,AA,"Ayres & Ayres, Architects records",Dallas Aquarium.,,,,,Texas,,,Fooshee and Cheek | architect; Flint and Broad | architects; H. B. Thomson | architect,,City of Dallas Park Improvement.,,Date: 11-8-35.,,,AAf439,,1935,1935,"paper
prints (ex. bluelines)",,,hr,,Mon Mar 13 00:00:00 CST 2006,,,,,,,,,
9285,AA,"Ayres & Ayres, Architects records",Danvers subdivision. Topographical Survey.,,,San Antonio,,Texas,United States,Texas--San Antonio,unidentified | contributor,,,,,,,,AAr193,undated,undated,,,,hr,,Wed Mar 22 00:00:00 CST 2006,,,,,,,,,
9286,AA,"Ayres & Ayres, Architects records",Daughters of the Republic of Texas Library Wing.,,Alamo Plaza,San Antonio,Bexar,Texas,United States,Texas--San Antonio,Ayres and Ayres | architects,,Daughters of the Republic of Texas,Contributor/Architect inferred by cataloger,,,,AAf197,,1949-1950,1949-1950,,,,tv,,Wed Jun 02 00:00:00 CDT 2004,,,,,,,,,
9287,AA,"Ayres & Ayres, Architects records",Dave Straus residence.,,northwest corner of Linwood Area and Belknap Place,San Antonio,Bexar,Texas,United States,Texas--San Antonio,Ayres and Ayres | architects,,"Straus, Mr. Dave",Contributor/Architect inferred by cataloger,,,,AAf029,,1922,1922,,,,,,,,,,,,,,,
9288,AA,"Ayres & Ayres, Architects records",David Straus residence (one story).,,,San Antonio,Bexar,Texas,United States,Texas--San Antonio,Ayres and Ayres | architects,,"Straus, Mr. and Mrs. David",Contributor/Architect inferred by cataloger,,,,AAf049,,1958,1958,,,,,,,,,,,,,,,
9289,AA,"Ayres & Ayres, Architects records",David Woodward residence.,,Dwyer Ave,San Antonio,Bexar,Texas,United States,Texas--San Antonio,Ayres and Ayres | architects,,"Woodward, David",Contributor/Architect inferred by cataloger,Project name and location provided by cataloger.,,,AAf147,,undated,undated,,,,,,,,,,,,,,,
9290,AA,"Ayres & Ayres, Architects records",Davis residence.,,,,,Texas,,,unidentified | contributor,,"Davis, Eugene.",,See L. Johnson residence.,,,AAf148,,1935,1935,"paper
prints (ex. bluelines)",,,hr,,Mon Mar 13 00:00:00 CST 2006,,,,,,,,,
9291,AA,"Ayres & Ayres, Architects records",Denver Hotel. Additions and alterations.,,William St,Victoria,Victoria,Texas,United States,Texas--Victoria,Ayres and Ayres | architects,,Denver Hotel,Contributor/Architect inferred by cataloger,,,,AAf232,,1936,1936,,,,tv,,Wed Jun 02 00:00:00 CDT 2004,,,,,,,,,
9292,AA,"Ayres & Ayres, Architects records",Dewied Casing Company office and plant building.,,4242 Milling Rd,San Antonio,Bexar,Texas,United States,Texas--San Antonio,Ayres and Ayres | architects,,Dewied Casing Co.,Contributor/Architect inferred by cataloger,,,,AAf369,AAr097,1973,1973,,,,tv,,Wed Jun 02 00:00:00 CDT 2004,,,,,,,,,
9293,AA,"Ayres & Ayres, Architects records",Dewied Casing Company. Edificio de oficinas y servicios.,,,Piedras Negras,,Coahuila,Mexico,Mexico--Piedras Negras,Ayres and Ayres | architects,,Dewied Casing Company,Contributor/Architect inferred by cataloger,,,,AAf368,AAr096,1969,1969,,,,tv,,Wed Jun 02 00:00:00 CDT 2004,,,,,,,,,
9294,AA,"Ayres & Ayres, Architects records","Doctor's Clinic (Laredo, Tex.).",,,Laredo,Webb,Texas,United States,Texas--Laredo,Ayres and Ayres | architects,,"Doctor's Clinic (Laredo, Tex.)",Contributor/Architect inferred by cataloger,,,,AAf178,,1940,1940,,,,tv,,Wed Jun 02 00:00:00 CDT 2004,,,,,,,,,
9295,AA,"Ayres & Ayres, Architects records","Doctor's Clinic (Laredo, Tex.).",,,Laredo,Webb,Texas,United States,Texas--Laredo,Ayres and Ayres | architects,,"Doctor's Clinic (Laredo, Tex.)",Contributor/Architect inferred by cataloger,,,,AAf178.1,,1948,1948,,,,tv,,Wed Jun 02 00:00:00 CDT 2004,,,,,,,,,
9296,AA,"Ayres & Ayres, Architects records",Domingo Useda medical office building.,,,San Antonio,Bexar,Texas,United States,Texas--San Antonio,Ayres and Ayres | architects,,"Useda, Domingo, Dr.",Contributor/Architect inferred by cataloger,,,,AAf405,,1973,1973,,,,,,,,,,,,,,,
9297,AA,"Ayres & Ayres, Architects records",Don P. Dixon project. Additions and alterations.,,206 Morningside Dr,San Antonio,Bexar,Texas,United States,Texas--San Antonio,Ayres and Ayres | architects,,"Dixon, Don P.",Contributor/Architect inferred by cataloger,,,,AAf135,,1972,1972,,,,tv,,Wed Jun 02 00:00:00 CDT 2004,,,,,,,,,
9298,AA,"Ayres & Ayres, Architects records",Dr. Robbin residence.,,,San Antonio,Bexar,Texas,United States,Texas--San Antonio,Ayres and Ayres | architects,,"Robbin, Dr.",Contributor/Architect inferred by cataloger,,,,AAf079,,undated,undated,,,,,,,,,,,,,,,
9299,AA,"Ayres & Ayres, Architects records",E. Ugarte store building.,,[Convent St at Lincoln St],Laredo,Webb,Texas,United States,Texas--Laredo,Ayres and Ayres | architects,,"Ugarte, E.",Contributor/Architect inferred by cataloger,,,,AAf168,,1921,1921,,,,,,,,,,,,,,,
9300,AA,"Ayres & Ayres, Architects records",E.A. Baugh residence.,,Donaldson St,San Antonio,Bexar,Texas,United States,Texas--San Antonio,Ayres and Ayres | architects,,"Baugh, E. A.",Contributor/Architect inferred by cataloger,,,,AAf055,,1938,1938,,,,tv,,Wed Jun 02 00:00:00 CDT 2004,,,,,,,,,
9301,AA,"Ayres & Ayres, Architects records",E.B. Chandler building.,,Losoya and Crocket,San Antonio,Bexar,Texas,United States,Texas--San Antonio,C. A. Coughlin,,"Chandler, E. B.",,Building includes a flag with YMCA on it.,1,,AAf016.3 dr 57e,,undated,undated,"paper
watercolors/pastels",drawings,presentation,bjd,,Tue Jan 02 00:00:00 CST 2001,2023-07-27 00:00:00,"C minor tears/cleaning
B prof. conservator",,,n,,y,,
9302,AA,"Ayres & Ayres, Architects records",E.I. Bailey residence.,,,Medina,Bandera,Texas,United States,Texas--Medina,Ayres and Ayres | architects,,"Bailey, E. I.",Contributor/Architect inferred by cataloger,,,,AAf068,,1948,1948,paper,,"architectural/measured
includes interiors
design/studies and sketches",tv,,Wed Jun 02 00:00:00 CDT 2004,,,,,,,,,
9303,AA,"Ayres & Ayres, Architects records",E.J. Roe residence. Additions.,,,San Antonio,Bexar,Texas,United States,Texas--San Antonio,Ayres and Ayres | architects,,"Roe, E. J.",Contributor/Architect inferred by cataloger,,,,AAf019,,1953,1953,,,,,,,,,,,,,,,
9304,AA,"Ayres & Ayres, Architects records",Eddison Highlands and Jefferson high schools. Girls gymnasiums additions.,,,San Antonio,,Texas,,,Ayres and Ayres | architects,Phelps and Simmons and Associates,,,Date: 8-2-71.,,,AAf336.4,AAr073,1971,1971,prints (ex. bluelines),,,hr,,Mon Mar 13 00:00:00 CST 2006,,,,,,,,,
9305,AA,"Ayres & Ayres, Architects records",Edgar Tobin recreation building and bath house (one story).,,,San Antonio,Bexar,Texas,United States,Texas--San Antonio,Ayres and Ayres | architects,,"Tobin, Mr. and Mrs. Edgar",Contributor/Architect inferred by cataloger,,,,AAf092,,1952,1952,,,,,,,,,,,,,,,
9306,AA,"Ayres & Ayres, Architects records",Elizabeth Hails frame residence.,,Terrell Hills,San Antonio,Bexar,Texas,United States,Texas--San Antonio,Ayres and Ayres | architects,,"Hails, Mrs. Elizabeth",Contributor/Architect inferred by cataloger,,,,AAf039,,1940,1940,,,,tv,,Wed Jun 02 00:00:00 CDT 2004,,,,,,,,,
9307,AA,"Ayres & Ayres, Architects records",Equitable Life Insurance Company building.,,,San Antonio,Bexar,Texas,United States,Texas--San Antonio,Ayres and Ayres | architects,,Equitable Life Insurance Company,Contributor/Architect inferred by cataloger,,,,AAf171,,1912,1912,,,,tv,,Wed Jun 02 00:00:00 CDT 2004,,,,,,,,,
9308,AA,"Ayres & Ayres, Architects records",Ernest Rubsamen residence.,,201 Abiso,San Antonio,Bexar,Texas,United States,Texas--San Antonio,Ayres and Ayres | architects,,"Rubsamen, Ernest",Contributor/Architect inferred by cataloger,,,,AAf130,,1971,1971,,,,,,,,,,,,,,,
9309,AA,"Ayres & Ayres, Architects records",Express Publishing Company building. Alterations.,,Avenue E,San Antonio,Bexar,Texas,United States,Texas--San Antonio,Ayres and Ayres | architects,,Express Publishing Co.,Contributor/Architect inferred by cataloger,,,,AAf229,,1913,1913,,,,tv,,Wed Jun 02 00:00:00 CDT 2004,,,,,,,,,
9310,AA,"Ayres & Ayres, Architects records",Express Publishing Company office and maintenance shop.,,Avenue E at 4th St,San Antonio,Bexar,Texas,United States,Texas--San Antonio,Ayres and Ayres | architects,,Express Publishing Company,Contributor/Architect inferred by cataloger,,,,AAf229.1,,1948-1949,1948-1949,,,,tv,,Wed Jun 02 00:00:00 CDT 2004,,,,,,,,,
9311,AA,"Ayres & Ayres, Architects records",F.L. Thompson residence.,,,San Antonio,Bexar,Texas,United States,Texas--San Antonio,Ayres and Ayres | architects,,"Thompson, F. L., Dr.",Contributor/Architect inferred by cataloger,Location provided by cataloger.,,,AAf006,,1920,1920,,,,,,,,,,,,,,,
9312,AA,"Ayres & Ayres, Architects records",F.T. Maessen residence.,,,San Antonio,Bexar,Texas,United States,Texas--San Antonio,Ayres and Ayres | architects,,"Maessen, F. T.",Contributor/Architect inferred by cataloger,,,,AAf457,,undated,undated,,,,,,,,,,,,,,,
9313,AA,"Ayres & Ayres, Architects records",Fannie L. Halff building.,,,San Antonio,Bexar,Texas,United States,Texas--San Antonio,Ayres and Ayres | architects,,"Halff, Fannie L.",Contributor/Architect inferred by cataloger,,,,AAf183,,undated,undated,,,,tv,,Wed Jun 02 00:00:00 CDT 2004,,,,,,,,,
9314,AA,"Ayres & Ayres, Architects records",Farmington School. Garden for the senior house.,,,,,,United States,,Ayres and Ayres | architects,,Farmington School,Contributor/Architect inferred by cataloger,,,,AAf343,AAr078,1971,1971,,,,tv,,Wed Jun 02 00:00:00 CDT 2004,,,,,,,,,
9315,AA,"Ayres & Ayres, Architects records",Fenstermaker residence. Remodeling.,,1502 McCullough Ave,San Antonio,Bexar,Texas,United States,Texas--San Antonio,Ayres and Ayres | architects,,Fenstermaker,Contributor/Architect inferred by cataloger,,,,AAf272,,1974,1974,,,,tv,,Wed Jun 02 00:00:00 CDT 2004,,,,,,,,,
9316,AA,"Ayres & Ayres, Architects records",First National Bank of San Antonio.,,,San Antonio,Bexar,Texas,United States,Texas--San Antonio,Ayres and Ayres | architects,,First National Bank of San Antonio,Contributor/Architect inferred by cataloger,,,,AAf329.1,AAr063-AAr064,1970-1971,1970-1971,,,,tv,,Wed Jun 02 00:00:00 CDT 2004,,,,,,,,,
9317,AA,"Ayres & Ayres, Architects records",First National Bank of San Antonio.,,,San Antonio,Bexar,Texas,United States,Texas--San Antonio,Ayres and Ayres | architects,,First National Bank of San Antonio,Contributor/Architect inferred by cataloger,,,,AAf329,AAr063-AAr064,1968-1969,1968-1969,,,,tv,,Wed Jun 02 00:00:00 CDT 2004,,,,,,,,,
9318,AA,"Ayres & Ayres, Architects records","First Presbyterian Church (San Antonio, Tex.).",,408 4th Street at Ave D,San Antonio,Bexar,Texas,United States,Texas--San Antonio,Ayres and Ayres | architects,,"First Presbyterian Church (San Antonio, Tex.)",Contributor/Architect inferred by cataloger,,,,AAf335,,undated,undated,,,,tv,,Wed Jun 02 00:00:00 CDT 2004,,,,,,,,,
9319,AA,"Ayres & Ayres, Architects records",Frank Brothers Building. Remodeling.,,113 Alamo Plaza,San Antonio,Bexar,Texas,United States,Texas--San Antonio,Ayres and Ayres | architects,,Frank Brothers,Contributor/Architect inferred by cataloger,,,,AAf179,,1939,1939,,,,tv,,Wed Jun 02 00:00:00 CDT 2004,,,,,,,,,
9320,AA,"Ayres & Ayres, Architects records",Frank Buttram residence.,,Dorchester Dr at Nichols Rd,Oklahoma City,Oklahoma,Oklahoma,United States,Oklahoma--Oklahoma City,Ayres and Ayres | architects,,"Buttram, Frank",Contributor/Architect inferred by cataloger,,,,AAf059,AAr006-AAr006b,1937,1937,,,,,,,,,,,,,,,
9321,AA,"Ayres & Ayres, Architects records",Frank Buttram residence.,,Nichols Hill,Oklahoma City,Oklahoma,Oklahoma,United States,Oklahoma--Oklahoma City,Homer L. Fry | landscape architect,Ayres and Ayres.,"Buttram, Frank",,,,,AAf059,AAr006-AAr006b,undated,undated,Blueprints,,site/landscape ,,,,,,,,,,,,
9322,AA,"Ayres & Ayres, Architects records",Frank Company store.,,,San Antonio,Bexar,Texas,United States,Texas--San Antonio,Ayres and Ayres | architects,,Frank Company,Contributor/Architect inferred by cataloger,Location provided by cataloger.,,,AAf182,,undated,undated,,,,tv,,Wed Jun 02 00:00:00 CDT 2004,,,,,,,,,
9323,AA,"Ayres & Ayres, Architects records",Frank Gillespie Jr. commercial building. Proposed.,,,San Antonio,Bexar,Texas,United States,Texas--San Antonio,Ayres and Ayres | architects,,"Gillespie, Frank, Jr.",Contributor/Architect inferred by cataloger,,,,AAf366,AAr094,1966,1966,,,,tv,,Wed Jun 02 00:00:00 CDT 2004,,,,,,,,,
9324,AA,"Ayres & Ayres, Architects records",Frank Straus Company store and factory building.,,[1336 Flores St],San Antonio,Bexar,Texas,United States,Texas--San Antonio,Ayres and Ayres | architects,,Straus Frank Company,Contributor/Architect inferred by cataloger,,,,AAf211,AAr017-AAr018,1923,1923,,,,,,,,,,,,,,,
9325,AA,"Ayres & Ayres, Architects records",Frank Straus Company store and factory building.,,[1336 Flores St],San Antonio,Bexar,Texas,United States,Texas--San Antonio,Ayres and Ayres | architects,,Frank Straus Company,Contributor/Architect inferred by cataloger,,,,AAf211.1,AAr017-AAr018,1937,1937,,,,,,,,,,,,,,,
9326,AA,"Ayres & Ayres, Architects records",Frank Straus Company store and factory building.,,[1336 Flores St],San Antonio,Bexar,Texas,United States,Texas--San Antonio,Ayres and Ayres | architects,,Frank Straus Company,Contributor/Architect inferred by cataloger,,,,AAf211.2,AAr017-AAr018,1946,1946,,,,,,,,,,,,,,,
9327,AA,"Ayres & Ayres, Architects records",Frank Straus Company store and factory building.,,[1336 Flores St],San Antonio,Bexar,Texas,United States,Texas--San Antonio,Ayres and Ayres | architects,,Frank Straus Company,Contributor/Architect inferred by cataloger,,,,AAf211.3,AAr017-AAr018,1949,1949,,,,,,,,,,,,,,,
9328,AA,"Ayres & Ayres, Architects records",Fred Straus residence (two story).,,121 West Lynwood,San Antonio,Bexar,Texas,United States,Texas--San Antonio,Ayres and Ayres | architects,,"Straus, Mr. and Mrs. Fred",Contributor/Architect inferred by cataloger,,,,AAf045,,1939,1939,,,,,,,,,,,,,,,
9329,AA,"Ayres & Ayres, Architects records",Fred W. Shield (Blackstock) residence.,,"100 Alameda Circle, Olmos Park",San Antonio,Bexar,Texas,United States,Texas--San Antonio,Atlee B. Ayres and Robert M. Ayres | architects,,"Shield, Fred W.",,"Dates: March 6-13, 1952. Blackstock residence/Ayres, Robert residence.",,,,AAr207,1952,1952,prints (ex. bluelines),drawings,architectural/measured,"djc, kap",,Tue Jul 25 00:00:00 CDT 2006,,,,,,,,2006016,
9330,AA,"Ayres & Ayres, Architects records",Freestone County Courthouse.,,,Fairfield,Freestone,Texas,United States,Texas--Fairfield,Ayres and Ayres | architects,,Freestone County,Contributor/Architect inferred by cataloger,AAf157; roll can be found in dc019 CDL ground south,,,,AAr011ov ,1919,1919,,,,tv,,Wed Jun 02 00:00:00 CDT 2004,,,,,,,,,
9331,AA,"Ayres & Ayres, Architects records",Frontier Hotel.,,,McAllen,Hidalgo,Texas,United States,Texas--McAllen,Ayres and Ayres | architects,,"Robinson, Mike",Contributor/Architect inferred by cataloger,,,,AAf292,AAr041,1948,1948,,,,,,,,,,,,,,,
9332,AA,"Ayres & Ayres, Architects records","Frost National Bank (San Antonio, Tex.). Motor bank, parking garage and banking facilities.",,100 West Houston,San Antonio,Bexar,Texas,United States,Texas--San Antonio,Ayres and Ayres | architects,,"Frost National Bank (San Antonio, Tex.)",Contributor/Architect inferred by cataloger,,,,AAf328,AAr060-AAr062,1963-1965,1963-1965,,,,tv,,Wed Jun 02 00:00:00 CDT 2004,,,,,,,,,
9333,AA,"Ayres & Ayres, Architects records",Fulton Motel and Land Development.,,between Highway 35 and Aransas Bay,Fulton,Aransas,Texas,United States,Texas--Fulton,Ayres and Ayres | architects,,Fulton Motel and Land Development,Contributor/Architect inferred by cataloger,,,,AAf311,AAr052,1957,1957,,,,tv,,Wed Jun 02 00:00:00 CDT 2004,,,,,,,,,
9334,AA,"Ayres & Ayres, Architects records",G. Bedell Moore residence.,,,Del Rio,Val Verde,Texas,United States,Texas--Del Rio,Ayres and Ayres | architects,,"Moore, G. Bedell",Contributor/Architect inferred by cataloger,,,,AAf056,,1920,1920,,,,,,,,,,,,,,,
9335,AA,"Ayres & Ayres, Architects records",G.A.C. Halff residence.,,,San Antonio,Bexar,Texas,United States,Texas--San Antonio,Ayres and Ayres | architects,,"Halff, G. A. C.",Contributor/Architect inferred by cataloger,,,,AAf057,,undated,undated,,,,tv,,Wed Jun 02 00:00:00 CDT 2004,,,,,,,,,
9336,AA,"Ayres & Ayres, Architects records",G.P.M. Building. Ayres and Ayres office.,,1439 Milam Building,San Antonio,Bexar,Texas,United States,Texas--San Antonio,Ayres and Ayres | architects,,Ayres and Ayres,Contributor/Architect inferred by cataloger,,,,AAf235,,1974-1975,1974-1975,,,,tv,,Wed Jun 02 00:00:00 CDT 2004,,,,,,,,,
9337,AA,"Ayres & Ayres, Architects records",Gage carriage house.,,,San Antonio,Bexar,Texas,United States,Texas--San Antonio,Ayres and Ayres | architects,,Gage,Contributor/Architect inferred by cataloger,,,,AAf025,,1903,1903,,,,tv,,Wed Jun 02 00:00:00 CDT 2004,,,,,,,,,
9338,AA,"Ayres & Ayres, Architects records",Gebhardt Chili Powder Company building. Additions.,,1810 South Laredo St,San Antonio,Bexar,Texas,United States,Texas--San Antonio,Ayres and Ayres | architects,,Gebhardt Chili Powder Company,Contributor/Architect inferred by cataloger,,,,AAf213,,1960-1961,1960-1961,,,,tv,,Wed Jun 02 00:00:00 CDT 2004,,,,,,,,,
9339,AA,"Ayres & Ayres, Architects records",George Belchic residence.,,6500 Gilbert Dr,Shreveport,,Louisiana,United States,Louisiana--Shreveport,Ayres and Ayres | architects,,"Belchic, George",Contributor/Architect inferred by cataloger,,,,AAf061,,1938,1938,,,,tv,,Wed Jun 02 00:00:00 CDT 2004,,,,,,,,,
9340,AA,"Ayres & Ayres, Architects records",George Brackenridge residence.,,,San Antonio,Bexar,Texas,United States,Texas--San Antonio,Ayres and Ayres | architects,,"Brackenridge, George",Contributor/Architect inferred by cataloger,,,,AAf037,,undated,undated,,,,tv,,Wed Jun 02 00:00:00 CDT 2004,,,,,,,,,
9341,AA,"Ayres & Ayres, Architects records",George C. Eichlitz residence.,,Laurel Heights,San Antonio,Bexar,Texas,United States,Texas--San Antonio,Ayres and Ayres | architects,,"Eichlitz, George C.",Contributor/Architect inferred by cataloger,,,,AAf012,,1922-1923,1922-1923,,,,tv,,Wed Jun 02 00:00:00 CDT 2004,,,,,,,,,
9342,AA,"Ayres & Ayres, Architects records",George Smith residence. Sketch.,,,San Antonio,Bexar,Texas,United States,Texas--San Antonio,Ayres and Ayres | architects,,"Smith, Mr. and Mrs. George",Contributor/Architect inferred by cataloger,,,,AAf113,,1930,1930,,,,,,,,,,,,,,,
9343,AA,"Ayres & Ayres, Architects records",Gilbert Denman residence.,,Fredericksburg Rd,San Antonio,Bexar,Texas,United States,Texas--San Antonio,Ayres and Ayres | architects,,"Denman, Gilbert",Contributor/Architect inferred by cataloger,,,,AAf087,,1936,1936,,,,tv,,Wed Jun 02 00:00:00 CDT 2004,,,,,,,,,
9344,AA,"Ayres & Ayres, Architects records",Gilbert Falbo apartment building. Proposed.,,West Martin St,San Antonio,Bexar,Texas,United States,Texas--San Antonio,Ayres and Ayres | architects,,"Falbo, Gilbert",Contributor/Architect inferred by cataloger,,,,AAf351,,1968,1968,,,,tv,,Wed Jun 02 00:00:00 CDT 2004,,,,,,,,,
9345,AA,"Ayres & Ayres, Architects records",Gilbert Lang residence. Additions.,,,San Antonio,Bexar,Texas,United States,Texas--San Antonio,Atlee B. Ayres and Robert M. Ayres | architects,,"Lang, Gilbert",,"Dates: February 25-28, 1952, April 21, 1952, October 9, 1952",,,,AAr210,1952,1952,trace paper,drawings,"architectural/measured
structural
includes interiors","djc, kap",,Tue Jul 25 00:00:00 CDT 2006,,undetermined,,,,,,2006016,
9346,AA,"Ayres & Ayres, Architects records",Gillespie-Vance residence.,,,San Antonio,Bexar,Texas,United States,Texas--San Antonio,Ayres and Ayres | architects,,Gillespie-Vance,Contributor/Architect inferred by cataloger,,,,AAf129,,1973,1973,,,,tv,,Wed Jun 02 00:00:00 CDT 2004,,,,,,,,,
9347,AA,"Ayres & Ayres, Architects records",Golf and Country Club.,,4100 North New Braunfels,San Antonio,Bexar,Texas,United States,Texas--San Antonio,Atlee B. Ayres | architect,,San Antonio Golf and Country Club,,"Drawings are not dated- guess is 1907.  Unsure where address came from - address is not noted on the drawings.  This building burned down around 1916, per Paula Allen, San Antonio Express-News.",,,AAf195,,undated,undated,linens,,architectural/measured,bjd,,Fri Sep 29 00:00:00 CDT 2000,,C minor tears/cleaning,,,,,,,
9348,AA,"Ayres & Ayres, Architects records",Graham Hamilton residence.,,,Cuero,DeWitt,Texas,United States,Texas--Cuero,Atlee B. Ayres and Robert M. Ayres | architects,,"Hamilton, Mr. and Mrs. Graham",,,,,AAf040,,undated,undated,pencil on trace,,,bjd,,,,,,,,,,,
9349,AA,"Ayres & Ayres, Architects records",Graham Hamilton residence. Addition.,,,Cuero,DeWitt,Texas,United States,Texas--Cuero,Atlee B. Ayres and Robert M. Ayres | architects,,"Hamilton, Graham",,,,,AAf040,,1969,1969,pencil on trace,,,bjd,,,,,,,,,,,
9350,AA,"Ayres & Ayres, Architects records",Graham Hamilton residence. Alterations. Proposed.,,,Cuero,DeWitt,Texas,United States,Texas--Cuero,Atlee B. Ayres and Robert M. Ayres | architects,,"Hamilton, Graham",,,,,AAf040,,1965,1965,pencil on trace,,,bjd,,,,,,,,,,,
9351,AA,"Ayres & Ayres, Architects records",Graves residence.,,"222 Geneseo Road, Terrell Hills",San Antonio,,Texas,,,unidentified | contributor,,"Graves, Mrs. A.M.",,,,,AAf058,,1958-1959,1958-1959,paper,,,hr,,Mon Mar 13 00:00:00 CST 2006,,,,,,,,,
9352,AA,"Ayres & Ayres, Architects records",Grey Moss Inn. Remodeling.,,Scenic Loop Playground,Helotes,Bexar,Texas,United States,Texas--Helotes,Ayres and Ayres | architects,,Grey Moss Inn,Contributor/Architect inferred by cataloger,,,,AAf305,,undated,undated,,,,tv,,Wed Jun 02 00:00:00 CDT 2004,,,,,,,,,
9353,AA,"Ayres & Ayres, Architects records","Groos National Bank (San Antonio, Tex.).",,246 East Commerce St,San Antonio,Bexar,Texas,United States,Texas--San Antonio,Ayres and Ayres | architects,,"Groos National Bank (San Antonio, Tex.)",Contributor/Architect inferred by cataloger,,,,AAf331,AAr066-AAr067,1957,1957,,,,tv,,Wed Jun 02 00:00:00 CDT 2004,,,,,,,,,
9354,AA,"Ayres & Ayres, Architects records","Groos National Bank (San Antonio, Tex.).",,246 East Commerce St,San Antonio,Bexar,Texas,United States,Texas--San Antonio,Ayres and Ayres | architects,,"Groos National Bank (San Antonio, Tex.)",Contributor/Architect inferred by cataloger,,,,AAf331.1,AAr066-AAr067,1961-1963,1961-1963,,,,tv,,Wed Jun 02 00:00:00 CDT 2004,,,,,,,,,
9355,AA,"Ayres & Ayres, Architects records","Groos National Bank (San Antonio, Tex.).",,246 East Commerce St,San Antonio,Bexar,Texas,United States,Texas--San Antonio,Ayres and Ayres | architects,,"Groos National Bank (San Antonio, Tex.)",Contributor/Architect inferred by cataloger,,,,AAf331.2,AAr066-AAr067,1966-1967,1966-1967,,,,tv,,Wed Jun 02 00:00:00 CDT 2004,,,,,,,,,
9356,AA,"Ayres & Ayres, Architects records",Groust residence.,,,San Antonio,Bexar,Texas,United States,Texas--San Antonio,Ayres and Ayres | architects,,Groust,Contributor/Architect inferred by cataloger,,,,AAf146,,undated,undated,,,,tv,,Wed Jun 02 00:00:00 CDT 2004,,,,,,,,,
9357,AA,"Ayres & Ayres, Architects records","Gulf service station (San Antonio, Tex.).",,San Pedro Ave at Main,San Antonio,Bexar,Texas,United States,Texas--San Antonio,Ayres and Ayres | architects,,"Gulf service station (San Antonio, Tex.)",Contributor/Architect inferred by cataloger,,,,AAf236,,1964,1964,,,,tv,,Wed Jun 02 00:00:00 CDT 2004,,,,,,,,,
9358,AA,"Ayres & Ayres, Architects records",Gunter Hotel. Ballroom and dining room.,,St. Mary's St,San Antonio,Bexar,Texas,United States,Texas--San Antonio,Ayres and Ayres | architects,,Gunter Hotel,Contributor/Architect inferred by cataloger,,,,AAf307,,1910,1910,,,,tv,,Wed Jun 02 00:00:00 CDT 2004,,,,,,,,,
9359,AA,"Ayres & Ayres, Architects records",Gunter Hotel. Ballroom and dining room.,,St. Mary's St,San Antonio,Bexar,Texas,United States,Texas--San Antonio,Ayres and Ayres | architects,,Gunter Hotel,Contributor/Architect inferred by cataloger,,,,AAf307.1,,1958-1959,1958-1959,,,,tv,,Wed Jun 02 00:00:00 CDT 2004,,,,,,,,,
9360,AA,"Ayres & Ayres, Architects records",Gus Kray residence.,,,San Antonio,Bexar,Texas,United States,Texas--San Antonio,Ayres and Ayres | architects,,"Kray, Gus",Contributor/Architect inferred by cataloger,,,,AAf027,,undated,undated,,,,,,,,,,,,,,,
9361,AA,"Ayres & Ayres, Architects records",H. Lutcher Brown residence.,,"Ivy Lane, Terrell Hills",San Antonio,Bexar,Texas,United States,Texas--San Antonio,Ayres and Ayres | architects,,"Brown, H. Lutcher",Contributor/Architect inferred by cataloger,,,,AAf048,"AAr002-AAr005
",1935,1935,,,,tv,,Wed Jun 02 00:00:00 CDT 2004,,,,,,,,,
9362,AA,"Ayres & Ayres, Architects records",H. Lutcher Brown residence.,,"Ivy Lane, Terrell Hills",San Antonio,Bexar,Texas,United States,Texas--San Antonio,Ayres and Ayres | architects,,"Brown, H. Lutcher",Contributor/Architect inferred by cataloger,"listed in paper finding aid as RR-5 under Pagenkopf appraisal 1989014 accession
1 rendering sent to Kilgarlin Center PCS Paper Lab 2 students for conservation work 8/28/2006",,,AAf048,"AAr002-AAr005
",1935,1935,"trace paper
boards",,"design/studies and sketches
presentation",nls,,Wed Aug 23 00:00:00 CDT 2006,,B prof. conservator,,,,,,1989014,
9363,AA,"Ayres & Ayres, Architects records",H. Lutcher Brown residence. Casino and Bathhouse.,,"Ivy Lane, Terrell Hills",San Antonio,,Texas,,,Ayres and Ayres | architects,,"Brown, H. Lutcher",,"Date: Jan. 15, 1937.  See residence, pool, graden, and additions (folder 48)  Three schedule sheets are included in this folder.",,,AAf048.1,"AAr002-AAr005
",1937,1937,"paper
prints (ex. bluelines)",,,hr,,Mon Mar 13 00:00:00 CST 2006,,,,,,,,,
9364,AA,"Ayres & Ayres, Architects records",H. Lutcher Brown residence. Garden and Gateway.,,"Ivy Lane, Terrel Hills",San Antonio,,Texas,,,Ayres and Ayres | architects,,"Brown, H. Lutcher.",,"see residence, casino, and bathhouse (folder 48).",,,AAf048.3a,"AAr002-AAr005
",1939,1939,prints (ex. bluelines),,,hr,,Mon Mar 13 00:00:00 CST 2006,,,,,,,,,
9365,AA,"Ayres & Ayres, Architects records",H. Lutcher Brown residence. Swimming pool.,,Ivy Lane,Terrell,,Texas,,,Ayres and Ayres | architects,,,,"See residence, casino, bathouse and garden (folder 48). Date: July 10, 1936.",,,AAf048.2,"AAr002-AAr005
",1936,1936,paper,,,hr,,Mon Mar 13 00:00:00 CST 2006,,,,,,,,,
9366,AA,"Ayres & Ayres, Architects records",H.B. Thompson residence (two story).,,,,Grimes,Texas,United States,,Ayres and Ayres | architects,,"Thompson, Mr. and Mrs. H. B.",Contributor/Architect inferred by cataloger,,,,AAf002,,1941,1941,,,,,,,,,,,,,,,
9367,AA,"Ayres & Ayres, Architects records",H.B. Zachry Co. office building.,,Harding Blvd,San Antonio,Bexar,Texas,United States,Texas--San Antonio,Ayres and Ayres | architects,,H. B. Zachry Co.,Contributor/Architect inferred by cataloger,16,,,AAf375,AAr103,1942,1942,,,,,,,,,,,,,,,
9368,AA,"Ayres & Ayres, Architects records",H.B. Zachry Co. office building.,,Harding Blvd,San Antonio,Bexar,Texas,United States,Texas--San Antonio,Ayres and Ayres | architects,,H. B. Zachry Co.,Contributor/Architect inferred by cataloger,16,,,AAf375.1,AAr103,1961,1961,,,,,,,,,,,,,,,
9369,AA,"Ayres & Ayres, Architects records",H.B. Zachry Company. Apartment building.,,Rosemont at Devonshire,San Antonio,Bexar,Texas,United States,Texas--San Antonio,Ayres and Ayres | architects,,H. B. Zachry Company,Contributor/Architect inferred by cataloger,"Date: Jan. 12, 1949.",,,AAf360,AAr089,1949,1949,paper,,,hr,,Tue Mar 14 00:00:00 CST 2006,,,,,,,,,
9370,AA,"Ayres & Ayres, Architects records",H.B. Zachry Company. Eight unit apartment building.,,,San Antonio,Bexar,Texas,United States,Texas--San Antonio,Ayres and Ayres | architects,,H. B. Zachry Company,Contributor/Architect inferred by cataloger,,,,AAf359,AAr088,undated,undated,,,,,,,,,,,,,,,
9371,AA,"Ayres & Ayres, Architects records",H.B. Zachry Company. Garden House.,,Mier street,Laredo,,Texas,United States,Texas--Laredo,Ayres and Ayres | architects,,H. B. Zachry Company,Contributor/Architect inferred by cataloger,"See plans for Zachry residence (folder 86). Date: April 3, 1931.",,,AAf086.1,,1931,1931,paper,,,hr,,Tue Mar 14 00:00:00 CST 2006,,,,,,,,,
9372,AA,"Ayres & Ayres, Architects records",H.B. Zachry five houses.,,,San Antonio,Bexar,Texas,United States,Texas--San Antonio,Ayres and Ayres | architects,,"Zachry, H. B.",Contributor/Architect inferred by cataloger,,,,AAf362,,1936,1936,,,,,,,,,,,,,,,
9373,AA,"Ayres & Ayres, Architects records",H.B. Zachry hotel.,,South Presa St at Villita St,San Antonio,Bexar,Texas,United States,Texas--San Antonio,Ayres and Ayres | architects,,"Zachry, H. B.",Contributor/Architect inferred by cataloger,14,,,AAf357,AAr086,1973,1973,,,,,,,,,,,,,,,
9374,AA,"Ayres & Ayres, Architects records",H.B. Zachry housing project.,,Mier St at McClelland St,Laredo,Webb,Texas,United States,Texas--Laredo,Ayres and Ayres | architects,,"Zachry, H. B.",Contributor/Architect inferred by cataloger,10,,,AAf358,AAr087,1942,1942,,,,,,,,,,,,,,,
9375,AA,"Ayres & Ayres, Architects records",H.B. Zachry residence.,,Mier St,Laredo,Webb,Texas,United States,Texas--Laredo,Ayres and Ayres | architects,,"Zachry, Mr. and Mrs. H. B.",Contributor/Architect inferred by cataloger,,,,AAf086,,1930,1930,,,,,,,,,,,,,,,
9376,AA,"Ayres & Ayres, Architects records",H.C. McKenna residence.,,,New Braunfels,Comal,Texas,United States,Texas--New Braunfels,Ayres and Ayres | architects,,"McKenna, H. C.",Contributor/Architect inferred by cataloger,"4, 17",,,AAf054,,1960,1960,,,,,,,,,,,,,,,
9377,AA,"Ayres & Ayres, Architects records",H.L. Blackstock residence.,,"100 Alameda Circle, Olmos Park",San Antonio,Bexar,Texas,United States,Texas--San Antonio,Atlee B. Ayres and Robert M. Ayres | architects,,"Blackstock, H. L.",,"Date: October 14, 1937",,,,AAr205,1937,1937,prints (ex. bluelines),drawings,architectural/measured,"djc, kap",,Tue Jul 25 00:00:00 CDT 2006,,"E fasteners/rehouse
bug eaten on one end",,,,,,2006016,
9378,AA,"Ayres & Ayres, Architects records",H.M. Scherr residence.,,,San Antonio,Bexar,Texas,United States,Texas--San Antonio,Ayres and Ayres | architects,,"Scherr, Mr. and Mrs. H. M.",Contributor/Architect inferred by cataloger,,,,AAf096,,undated,undated,,,,,,,,,,,,,,,
9379,AA,"Ayres & Ayres, Architects records",Hacienda de San Augustine.,,San Augustine Plaza,Laredo,Webb,Texas,United States,Texas--Laredo,Ayres and Ayres | architects,,Hacienda de San Augustine,Contributor/Architect inferred by cataloger,see also: San Augustine,,,AAf174,,1967,1967,,,,tv,,Wed Jun 02 00:00:00 CDT 2004,,,,,,,,,
9380,AA,"Ayres & Ayres, Architects records",Hacienda de San Augustine.,,San Augustine Plaza,Laredo,Webb,Texas,United States,Texas--Laredo,Ayres and Ayres | architects,,Hacienda de San Augustine,Contributor/Architect inferred by cataloger,see also: San Augustine,,,AAf174,,1967,1967,,,,,,,,,,,,,,,
9381,AA,"Ayres & Ayres, Architects records",Hamilton Hotel.,,,Laredo,Webb,Texas,United States,Texas--Laredo,Ayres and Ayres | architects,,Hamilton Hotel,,"Includes:  1st floor plan, mezzanine floor plan.",,,AAf231,,1928 03,1928-03,blueprints on paper with penciled notes,drawings,working,,,,,"ok, some fading",,,,,,,
9382,AA,"Ayres & Ayres, Architects records",Hamilton Hotel.,,,Laredo,Webb,Texas,United States,Texas--Laredo,Ayres and Ayres | architects,,Hamilton Hotel,,"Includes:  part 1st flor plan, 2 sketch elevations of patio, east elevation of patio.",,,AAf231,,1947 03,1947-03,"pencil on trace, pencil and pastel on trace",,"sketches, design",,,,,ok,,,,,,,
9383,AA,"Ayres & Ayres, Architects records",Hamilton Hotel.,,,Laredo,,Texas,,,Atlee B. Ayres and Robert M. Ayres | architects,,,,"See later addition (folder 231). Date: March 14, 1928.",,,AAf231,,1928,1928,prints (ex. bluelines),,,hr,,Mon Mar 13 00:00:00 CST 2006,,,,,,,,,
9384,AA,"Ayres & Ayres, Architects records",Harper residence.,,,San Antonio,Bexar,Texas,United States,Texas--San Antonio,Ayres and Ayres | architects,,Harper,Contributor/Architect inferred by cataloger,,,,AAf032,,undated,undated,,,,,,,,,,,,,,,
9385,AA,"Ayres & Ayres, Architects records",Harrell Co. office building.,,801 North St. Mary's,San Antonio,Bexar,Texas,United States,Texas--San Antonio,Ayres and Ayres | architects,,Harrell Co.,Contributor/Architect inferred by cataloger,,,,AAf205,,1968,1968,,,,,,,,,,,,,,,
9386,AA,"Ayres & Ayres, Architects records",Harry S. Affleck Jr. residence.  Remodeling.,,701 Grandview,San Antonio,Bexar,Texas,United States,Texas--San Antonio,Ayres and Ayres | architects,,"Affleck, Harry S., Jr.",,,,,AAf143,,1974,1974,,,,,,,,,,,,,,,
9387,AA,"Ayres & Ayres, Architects records",Harting residence.,,,San Antonio,Bexar,Texas,United States,Texas--San Antonio,Ayres and Ayres | architects,,Harting,Contributor/Architect inferred by cataloger,,,,AAf005,,undated,undated,,,,,,,,,,,,,,,
9388,AA,"Ayres & Ayres, Architects records",Haythorne Tourist Apartments.,,Hildebrand at Devine,San Antonio,Bexar,Texas,United States,Texas--San Antonio,Ayres and Ayres | architects,,Haythorne Tourist Apartments,Contributor/Architect inferred by cataloger,,,,AAf299,,undated,undated,,,,,,,,,,,,,,,
9389,AA,"Ayres & Ayres, Architects records","Health building (San Antonio, Tex.). Proposed.",,,San Antonio,Bexar,Texas,United States,Texas--San Antonio,Atlee B. Ayres and Robert M. Ayres | architects,,"San Antonio, City of",,,,,AAf448,,undated,undated,,,,ag,,Tue Oct 24 00:00:00 CDT 2006,,,,,,,,,
9390,AA,"Ayres & Ayres, Architects records",Hemisfair 1968. Hotel building. Proposed.,,South Alamo St,San Antonio,Bexar,Texas,United States,Texas--San Antonio,Ayres and Ayres | architects,,Hemisfair 1968,Contributor/Architect inferred by cataloger,,,,AAf291,,1967,1967,,,,,,,,,,,,,,,
9391,AA,"Ayres & Ayres, Architects records",Hemisfair 1968. United States Exhibit Pavilion.,,,San Antonio,Bexar,Texas,United States,Texas--San Antonio,"Roberts, Allen & Helmke | associated architects; Ayres & Ayres | associated architects",,Hemisfair 1968,,velox of sheet 2 was in sanctioning modernism exhibit now in tcabinet2022002-02 waiting to be scanned drawer,4,,AAf324,AAr056,1967,1967,prints (ex. bluelines),,,nls,,Wed Feb 21 00:00:00 CST 2007,2023-04-21 00:00:00,,,,,,,,
9392,AA,"Ayres & Ayres, Architects records",Herman G. Staacke residence.,,,,,,United States,,Ayres and Ayres | architects,,"Staacke, Herman G.",Contributor/Architect inferred by cataloger,"SEE: Wolff, Dr. William, residence",,,AAf267.2,,undated,undated,,,,,,,,,,,,,,,
9393,AA,"Ayres & Ayres, Architects records","Hilton Hotel (San Antonio, Tex.). Ground floor. Remodeling.",,St. Mary's at Villita,San Antonio,Bexar,Texas,United States,Texas--San Antonio,Ayres and Ayres | architects,,"Hilton Hotel (San Antonio, Tex.)",Contributor/Architect inferred by cataloger,sheet one has tape issues and is flat in drawer f312 pt 2,,,AAf312; AAf053/054,,1956-1958,1956-1958,,,,nls,,,Thu Jan 07 00:00:00 CST 2021,,,,,,,,
9394,AA,"Ayres & Ayres, Architects records",Hondo Hospital.,,,Hondo,,Texas,,,Joseph Palle,,,,See later additions (folder 416). Date: 2-24-31.,,,AAf416,,1935,1935,prints (ex. bluelines),,,hr,,Mon Mar 13 00:00:00 CST 2006,,,,,,,,,
9395,AA,"Ayres & Ayres, Architects records",Hotel near San Antonio Convention Center.,,Commerce St.,San Antonio,Bexar,Texas,United States,Texas--San Antonio,unidentified | contributor,,,,,,,AAf310,AAr051,undated,undated,,,,hr,,Wed Mar 15 00:00:00 CST 2006,,,,,,,,,
9396,AA,"Ayres & Ayres, Architects records",Housing and Market Development.,,Commerce St,San Antonio,Bexar,Texas,United States,Texas--San Antonio,Ayres and Ayres | architects,,Housing and Market Development,Contributor/Architect inferred by cataloger,,,,AAf344,,undated,undated,,,,,,,,,,,,,,,
9397,AA,"Ayres & Ayres, Architects records","Housing project (San Antonio, Tex.).",,,San Antonio,Bexar,Texas,United States,Texas--San Antonio,Ayres and Ayres | architects,,"San Antonio, City of",Contributor/Architect inferred by cataloger,,,,AAf319,,undated,undated,,,,,,,,,,,,,,,
9398,AA,"Ayres & Ayres, Architects records",Hutchins Brothers Store.,,,,,,United States,,Ayres and Ayres | architects,,Hutchins Brothers,Contributor/Architect inferred by cataloger,,,,AAf458,,undated,undated,,,,,,,,,,,,,,,
9399,AA,"Ayres & Ayres, Architects records",I.B.M. buildings.,,Main Ave at Cypress St,San Antonio,Bexar,Texas,United States,Texas--San Antonio,Ayres and Ayres | architects,,I. B. M.,,"scanned sheets A1-11, S-1-10, SR-1-3, AR1-3, E1-8, ER9 aaa batch #0046",,,AAf374,AAr102,1963,1963,paper,drawings,"architectural/measured
structural
electrical",nls,,Tue Oct 22 00:00:00 CDT 2019,,,,,,,,,
9400,AA,"Ayres & Ayres, Architects records",J. C. Merchant store building. Remodeling.,,Avenue C at Third St,Floresville,Johnson,Texas,United States,Texas--Floresville,Ayres and Ayres | architects,,"Merchant, J. C.",Contributor/Architect inferred by cataloger,,,,AAf279,AAr030,1944,1944,,,,,,,,,,,,,,,
9401,AA,"Ayres & Ayres, Architects records",J. H. Schulz auto service station and garage.,,,Falls City,Karnes,Texas,United States,Texas--Falls City,Ayres and Ayres | architects,,"Schulz, J. H., Esq.",Contributor/Architect inferred by cataloger,,,,AAf186,,1924,1924,,,,,,,,,,,,,,,
9402,AA,"Ayres & Ayres, Architects records",J. H. Schulz bank building. Additions and alterations.,,,Falls City,Karnes,Texas,United States,Texas--Falls City,Ayres and Ayres | architects,,"Schulz, J. H., Esq.",Contributor/Architect inferred by cataloger,,,,AAf186,,1924,1924,,,,,,,,,,,,,,,
9403,AA,"Ayres & Ayres, Architects records",J. Morris residence. Alterations.,,,San Antonio,Bexar,Texas,United States,Texas--San Antonio,Ayres and Ayres | architects,,"Morris, J.",Contributor/Architect inferred by cataloger,,,,AAf103,,undated,undated,,,,,,,,,,,,,,,
9404,AA,"Ayres & Ayres, Architects records",J. Reich residence.,,,San Antonio,Bexar,Texas,United States,Texas--San Antonio,Ayres and Ayres | architects,,"Reich, J.",Contributor/Architect inferred by cataloger,,,,AAf009,,undated,undated,,,,,,,,,,,,,,,
9405,AA,"Ayres & Ayres, Architects records",J.A. Browne residence.,,,Brownsville,Cameron,Texas,United States,Texas--Brownsville,Atlee B. Ayres | architect,,"Browne, J. A.",,,,,AAf011,,1916,1916,ink on linen,,,bjdtv,,Wed Jun 02 00:00:00 CDT 2004,,,,,,,,,
9406,AA,"Ayres & Ayres, Architects records",J.C. Merchant residence.,,,Floresville,Johnson,Texas,United States,Texas--Floresville,Ayres and Ayres | architects,,"Merchant, J. C.",Contributor/Architect inferred by cataloger,,,,AAf090,,1945,1945,,,,,,,,,,,,,,,
9407,AA,"Ayres & Ayres, Architects records",J.C. Rich residence.,,,San Antonio,Bexar,Texas,United States,Texas--San Antonio,Ayres and Ayres | architects,,"Rich, J. C.",Contributor/Architect inferred by cataloger,,,,AAf013,,undated,undated,,,,,,,,,,,,,,,
9408,AA,"Ayres & Ayres, Architects records",J.D. Oppenheimer residence.,,,San Antonio,Bexar,Texas,United States,Texas--San Antonio,Ayres and Ayres | architects,,"Oppenheimer, J. D.",Contributor/Architect inferred by cataloger,,,,AAf008,,1923,1923,,,,,,,,,,,,,,,
9409,AA,"Ayres & Ayres, Architects records",J.D. Terrell residence.,,,San Antonio,Bexar,Texas,United States,Texas--San Antonio,Ayres and Ayres | architects,,"Terrell, J. D.",Contributor/Architect inferred by cataloger,,,,AAf015,,undated,undated,,,,,,,,,,,,,,,
9410,AA,"Ayres & Ayres, Architects records",J.H. Turner residence (one story).,,Corona Ave,San Antonio,Bexar,Texas,United States,Texas--San Antonio,Ayres and Ayres | architects,,"Turner, Mr. and Mrs. J. H.",Contributor/Architect inferred by cataloger,,,,AAf137,,1946,1946,,,,,,,,,,,,,,,
9411,AA,"Ayres & Ayres, Architects records",Lindsay residence.,,,Corpus Christi,Nueces,Texas,United States,Texas--Corpus Christi,Ayres and Ayres | architects,,"Lindsay, J. P.",Contributor/Architect inferred by cataloger,,,,AAf051,,1946,1946,,,,,,,,,,,,,,,
9412,AA,"Ayres & Ayres, Architects records",J.S. Marshall residence.,,Fredericksburg Rd,San Antonio,Bexar,Texas,United States,Texas--San Antonio,Ayres and Ayres | architects,,"Marshall, J. S.",Contributor/Architect inferred by cataloger,,,,AAf071,,1948,1948,,,,,,,,,,,,,,,
9413,AA,"Ayres & Ayres, Architects records",J.W. Ferguson residence.,,,McAllen,Hidalgo,Texas,United States,Texas--McAllen,Ayres and Ayres | architects,,"Ferguson, J. W.",Contributor/Architect inferred by cataloger,,,,AAf076,AAr007,1932,1932,,,,tv,,Wed Jun 02 00:00:00 CDT 2004,,,,,,,,,
9414,AA,"Ayres & Ayres, Architects records",J.W. Simmons residence.,,13202 George Rd,San Antonio,Bexar,Texas,United States,Texas--San Antonio,Ayres and Ayres | architects,,"Simmons, J. W., Dr.",Contributor/Architect inferred by cataloger,,,,AAf120,,undated,undated,,,,,,,,,,,,,,,
9415,AA,"Ayres & Ayres, Architects records",Jack Bennett office building.,,Soledad at Pecan St,San Antonio,Bexar,Texas,United States,Texas--San Antonio,Ayres and Ayres | architects,,"Bennett, Jack",Contributor/Architect inferred by cataloger,,,,AAf214,,1950,1950,,,,tv,,Wed Jun 02 00:00:00 CDT 2004,,,,,,,,,
9416,AA,"Ayres & Ayres, Architects records",Jack Bennett office building.,,Soledad at Pecan St,San Antonio,Bexar,Texas,United States,Texas--San Antonio,Ayres and Ayres | architects,,"Bennett, Jack",Contributor/Architect inferred by cataloger,,,,AAf214.1,,1954,1954,,,,tv,,Wed Jun 02 00:00:00 CDT 2004,,,,,,,,,
9417,AA,"Ayres & Ayres, Architects records",James Fenimore Cooper Junior School.,,1700 Tampico,San Antonio,,Texas,,,Ayres and Ayres | architects,,,,formerly AAr072   Supervising Architects: Phelps and Dewees and Simmons. Date: 7-3-56.,,,dr. 31A AAf338?,,1956,1956,"paper
sepias (use barrier sheets)",,,hr,,Mon Mar 13 00:00:00 CST 2006,,,,,,,,,
9418,AA,"Ayres & Ayres, Architects records",Unidentified building.,,,,,,United States,,Atlee B. Ayres and Robert M. Ayres | architects,,,,Year questionable: 193-?,,,AAf470,,undated,undated,,,,ag,,Tue Oct 24 00:00:00 CDT 2006,,,,,,,,,
9419,AA,"Ayres & Ayres, Architects records",Jeremiah Rhodes Junior High School.,,Barclay and Arizona Sts,San Antonio,Bexar,Texas,United States,Texas--San Antonio,Ayres and Ayres | architects,,Jeremiah Rhodes Junior High School,Contributor/Architect inferred by cataloger,,,,AAf189,,1952-1953,1952-1953,,,,,,,,,,,,,,,
9420,AA,"Ayres & Ayres, Architects records",Jesse Oppenheimer hunting lodge.,,,,,,United States,,Ayres and Ayres | architects,,"Oppenheimer, Jesse",Contributor/Architect inferred by cataloger,,,,AAf128,,1974,1974,,,,,,,,,,,,,,,
9421,AA,"Ayres & Ayres, Architects records",Jim Wells County Courthouse.,,,Alice,Jim Wells,Texas,United States,Texas--Alice,Ayres and Ayres | architects,,Wells County,Contributor/Architect inferred by cataloger,,,,AAf154 ,,1911-1912,1911-1912,,,,,,,,,,,,,,,
9422,AA,"Ayres & Ayres, Architects records",John A. Brown residence.,,Nichols Hills,Oklahoma City,Oklahoma,Oklahoma,United States,Oklahoma--Oklahoma City,Ayres and Ayres | architects,,"Brown, John A.",Contributor/Architect inferred by cataloger,,,,AAf262 dr 57e,AAr165,1931,1931,"pencil on trace
trace paper",,architectural/measured,tv,,Wed Jun 02 00:00:00 CDT 2004,,B prof. conservator,,,,,,,
9423,AA,"Ayres & Ayres, Architects records",John B. Chadwick residence.,,Park Hill Estates,San Antonio,Bexar,Texas,United States,Texas--San Antonio,Ayres and Ayres | architects,,"Chadwick, John B.",Contributor/Architect inferred by cataloger,,,,AAf138,,1928-1929,1928-1929,,,,tv,,Wed Jun 02 00:00:00 CDT 2004,,,,,,,,,
9424,AA,"Ayres & Ayres, Architects records",John Gaines residence.,,,San Antonio,Bexar,Texas,United States,Texas--San Antonio,Ayres and Ayres | architects,,"Gaines, John",Contributor/Architect inferred by cataloger,,,,AAf114,,1950,1950,,,,tv,,Wed Jun 02 00:00:00 CDT 2004,,,,,,,,,
9425,AA,"Ayres & Ayres, Architects records",John H. Spencer residence. Alterations.,,134 Cardinal Ave.,San Antonio,Bexar,Texas,United States,Texas--San Antonio,Ayres and Ayres | architects,,"Spencer, Mr. and Mrs. John H.",Contributor/Architect inferred by cataloger,,,,AAf066,,1962,1962,,,,,,,,,,,,,,,
9426,AA,"Ayres & Ayres, Architects records",John L. Hendry III  residence. Additions and alterations.,,401 Terrell Rd,San Antonio,Bexar,Texas,United States,Texas--San Antonio,Ayres and Ayres | architects,,"Hendry, John L., III",Contributor/Architect inferred by cataloger,,,,AAf063,,1972,1972,,,,,,,,,,,,,,,
9427,AA,"Ayres & Ayres, Architects records",John N. Garner residence.,,,Uvalde,Uvalde,Texas,United States,Texas--Uvalde,Ayres and Ayres | architects,,"Garner, John N.",Contributor/Architect inferred by cataloger,,,,AAf065,,undated,undated,,,,tv,,Wed Jun 02 00:00:00 CDT 2004,,,,,,,,,
9428,AA,"Ayres & Ayres, Architects records",John R. Walker apartment house (Architects and Engineers building).,,West Woodlawn Ave at San Pedro Ave,San Antonio,Bexar,Texas,United States,Texas--San Antonio,Ayres and Ayres | architects,,"Walker, Mr. John R.",Contributor/Architect inferred by cataloger,,,,AAf111,,1922,1922,,,,tv,,Wed Jun 02 00:00:00 CDT 2004,,,,,,,,,
9429,AA,"Ayres & Ayres, Architects records",John W. Kokernot residence.,,,San Antonio,Bexar,Texas,United States,Texas--San Antonio,Atlee B. Ayres | architect,,"Kokernot, John W.",,,,,AAf259,,1910,1910,blueprints on paper,,,bjd,,,,D- torn and brittle,,,,,,,
9430,AA,"Ayres & Ayres, Architects records",Johnson or Johnston residence.,,,San Antonio,Bexar,Texas,United States,Texas--San Antonio,Ayres and Ayres | architects,,"Johnson or Johnston, Dr.",Contributor/Architect inferred by cataloger,,,,AAf030,,1900,1900,,,,hr,,Mon Mar 13 00:00:00 CST 2006,,,,,,,,,
9431,AA,"Ayres & Ayres, Architects records",Johnson residence.,,,San Antonio,Bexar,Texas,United States,Texas--San Antonio,Ayres and Ayres | architects,,Johnson,Contributor/Architect inferred by cataloger,,,,AAf145,,1926,1926,,,,,,,,,,,,,,,
9432,AA,"Ayres & Ayres, Architects records",Johnson residence.,,,San Marcos,,Texas,,,Ayres and Ayres | architects,,"Johnson, L.",,"Sheet of details has name Eugene Davis on verso.  Sheet 4 is badly torn.  Aside: Eugene Elmer Davis, UTSOA alum class of 1919. dodd 8/28/10",,,AAf148,,1900,1900,linens,,,hr; bjd,,Mon Mar 13 00:00:00 CST 2006,Sat Aug 28 00:00:00 CDT 2010,,,,,,,,
9433,AA,"Ayres & Ayres, Architects records",Joseph Rosenfield residence.,,,San Antonio,Bexar,Texas,United States,Texas--San Antonio,Ayres and Ayres | architects,,"Rosenfield, Joseph",Contributor/Architect inferred by cataloger,,,,AAf046,,undated,undated,,,,,,,,,,,,,,,
9434,AA,"Ayres & Ayres, Architects records",Joske’s Store.,,,Corpus Christi,Nueces,Texas,United States,Texas--Corpus Christi,Ayres and Ayres | architects,,Joske’s Store,Contributor/Architect inferred by cataloger,,,,AAf379,AAr107,undated,undated,,,,,,,,,,,,,,,
9435,AA,"Ayres & Ayres, Architects records",Julius Seligmann residence (one story).,,,San Antonio,Bexar,Texas,United States,Texas--San Antonio,Ayres and Ayres | architects,,"Seligmann, Mr. and Mrs. Julius",Contributor/Architect inferred by cataloger,,,,AAf072,,1949,1949,,,,,,,,,,,,,,,
9436,AA,"Ayres & Ayres, Architects records",Kendall Inn. Remodeling.,,,Boerne,Kendall,Texas,United States,Texas--Boerne,Ayres and Ayres | architects,,Kendall Inn,Contributor/Architect inferred by cataloger,,,,AAf290,,undated,undated,,,,,,,,,,,,,,,
9437,AA,"Ayres & Ayres, Architects records",Kingsville (Kleberg?) County Hospital.,,,Kingsville,Kleberg,Texas,United States,Texas--Kingsville,Ayres and Ayres | architects,,Kingsville (Kleberg?) County,Contributor/Architect inferred by cataloger,,,,AAf158,,1914,1914,,,,,,,,,,,,,,,
9438,AA,"Ayres & Ayres, Architects records",Kingsville County Hospital.,,,Kingsville,Kleberg,Texas,United States,Texas--Kingsville,Ayres and Ayres | architects,,Kingsville County,Contributor/Architect inferred by cataloger,,,,AAf415,,1946-1948,1946-1948,,,,,,,,,,,,,,,
9439,AA,"Ayres & Ayres, Architects records",Kleberg County Courthouse.,,,Kingsville,Kleberg,Texas,United States,Texas--Kingsville,Ayres and Ayres | architects,,Kleberg County,Contributor/Architect inferred by cataloger,,,,f158, AAr012,1914,1914,,,,,,,,,,,,,,,
9440,AA,"Ayres & Ayres, Architects records",Knickerbocker residence.,,,Austin,Travis,Texas,United States,Texas--Austin,Ayres and Ayres | architects,,Knickerbocker,Contributor/Architect inferred by cataloger,,,,AAf108,,undated,undated,,,,,,,,,,,,,,,
9441,AA,"Ayres & Ayres, Architects records",Kocurek Lodge.,,Diversion Lake,Electra vicinity,Medina,Texas,,,unidentified | contributor,,"Kocurek, Arnold.",,"See lake lodge of L.J. Kcurek (folder 73). Date: Jan. 28, 1958, Feb. 20, 1958, April 18, 1958.",,,AAf238,,1935,1935,"paper
prints (ex. bluelines)",,,hr,,Mon Mar 13 00:00:00 CST 2006,,Sheet 7 is badly torn.,,,,,,,
9442,AA,"Ayres & Ayres, Architects records",L.A. Schreiner residence.,,,Kerrville,Kerr,Texas,United States,Texas--Kerrville,Ayres and Ayres | architects,,"Schreiner, L. A.",Contributor/Architect inferred by cataloger,,,,AAf080,,1919-1921,1919-1921,,,,,,,,,,,,,,,
9443,AA,"Ayres & Ayres, Architects records",L.E. Cartwright residence.,,,Uvalde,Uvalde,Texas,United States,Texas--Uvalde,Atlee B. Ayres | architect,,"Cartwright, L. E.",,,,,AAf010,,1914,1914,ink on linen,,,tv,,Wed Jun 02 00:00:00 CDT 2004,,,,,,,,,
9444,AA,"Ayres & Ayres, Architects records",Johnson residence.,,,San Marcos,Hays,Texas,United States,Texas--San Marcos,Ayres and Ayres | architects,,"Johnson, L. G.",Contributor/Architect inferred by cataloger,,,,AAf034,,1919,1919,,,,,,,,,,,,,,,
9445,AA,"Ayres & Ayres, Architects records",L.J. Kocurek residence.,,720 Ivy Lane,San Antonio,Bexar,Texas,United States,Texas--San Antonio,Ayres and Ayres | architects,,"Kocurek, L. J.",Contributor/Architect inferred by cataloger,,,,AAf083,,1950-1952,1950-1952,,,,,,,,,,,,,,,
9446,AA,"Ayres & Ayres, Architects records",L.J. Kocurek residence.,,Lake Diversion (in northwestern Archer and northeastern Baylor counties),Electra,Medina,Texas,United States,Texas--Electra,Ayres and Ayres | architects,,"Kocurek, L. J.",Contributor/Architect inferred by cataloger,,,,AAf073,,1957-1958,1957-1958,,,,,,,,,,,,,,,
9447,AA,"Ayres & Ayres, Architects records",Laredo Building Co. Housing units.,,,Laredo,Webb,Texas,United States,Texas--Laredo,Ayres and Ayres | architects,,Laredo Building Co.,Contributor/Architect inferred by cataloger,,,,AAf348,AAr080,1952,1952,,,,,,,,,,,,,,,
9448,AA,"Ayres & Ayres, Architects records",Laredo National Bank Properties. Survey and Topographic Data.,,,Laredo,,Texas,,,"Paul Garza, Jr. | engineering and surveying firm",,,,Date: June 1972.,,,AAf327,AAr059,1972,1972,prints (ex. bluelines),,,hr,,Mon Mar 13 00:00:00 CST 2006,,,,,,,,,
9449,AA,"Ayres & Ayres, Architects records","Laredo, Tx. Map of streets and roads.",,,Laredo,,Texas,United States,Texas--Laredo,unidentified | contributor,,,,,,,,AAr187,undated,undated,prints (ex. bluelines),,,hr,,Wed Mar 22 00:00:00 CST 2006,,,,,,,,,
9450,AA,"Ayres & Ayres, Architects records","Laredo, Tx. Map.",,,Laredo,,Texas,United States,Texas--Laredo,Fansler,,,,,,,,AAr188,undated,undated,prints (ex. bluelines),,,hr,,Wed Mar 22 00:00:00 CST 2006,,,,,,,,,
9451,AA,"Ayres & Ayres, Architects records",Laurel Heights Pharmacy.,,Main Ave at Mistletoe St,San Antonio,Bexar,Texas,United States,Texas--San Antonio,Ayres and Ayres | architects,,Laurel Heights Pharmacy,Contributor/Architect inferred by cataloger,,,,AAf400,,1958,1958,,,,,,,,,,,,,,,
9452,AA,"Ayres & Ayres, Architects records",Layfayette Ward residence.,,Terrell Hills,San Antonio,Bexar,Texas,United States,Texas--San Antonio,Ayres and Ayres | architects,,"Ward, Mr. and Mrs. Layfayette",Contributor/Architect inferred by cataloger,,,,AAf043,AAr001,undated,undated,,,,,,,,,,,,,,,
9453,AA,"Ayres & Ayres, Architects records",Lee Christy residence.,,"Cardinal St, Alamo Heights",San Antonio,Bexar,Texas,United States,Texas--San Antonio,Ayres and Ayres | architects,,"Christy, Lee",Contributor/Architect inferred by cataloger,,,,AAf085,,1939,1939,,,,tv,,Wed Jun 02 00:00:00 CDT 2004,,,,,,,,,
9454,AA,"Ayres & Ayres, Architects records",Lee Christy residence.,,"Cardinal St, Alamo Heights",San Antonio,Bexar,Texas,United States,Texas--San Antonio,Ayres and Ayres | architects,,"Christy, Lee",Contributor/Architect inferred by cataloger,,,,AAf085,,1949-1950,1949-1950,,,,tv,,Wed Jun 02 00:00:00 CDT 2004,,,,,,,,,
9455,AA,"Ayres & Ayres, Architects records",Lewis J. Moorman residence. Addition.,,Terrell Hills,San Antonio,Bexar,Texas,United States,Texas--San Antonio,Ayres and Ayres | architects,,"Moorman, Lewis J.",Contributor/Architect inferred by cataloger,,,,AAf275,,1954-1955,1954-1955,,,,,,,,,,,,,,,
9456,AA,"Ayres & Ayres, Architects records",Lewis J. Moorman tennis court.,,,Leon Springs,Bexar,Texas,United States,Texas--Leon Springs,Ayres and Ayres | architects,,"Moorman, Lewis J.",Contributor/Architect inferred by cataloger,Year questionable 195-.,,,AAf275,,1950,1950,,,,,,,,,,,,,,,
9457,AA,"Ayres & Ayres, Architects records",Light Fixture Detail.,,,,,Texas,,,Wagner Woodruff Company,,,,Elevation scale: 3 inches equals 1 foot.,,,AAf459,,1900,1900,boards,,presentation,hr,,Mon Mar 13 00:00:00 CST 2006,,,,,,,,,
9458,AA,"Ayres & Ayres, Architects records",Live Oak Ranch (Forest Smith ranch).,,,Bergheim,Kendall,Texas,United States,Texas--Bergheim,Ayres and Ayres | architects,,"Smith, Mr. and Mrs. Forrest M.",Contributor/Architect inferred by cataloger,,,,AAf122,,1976,1976,,,,,,,,,,,,,,,
9459,AA,"Ayres & Ayres, Architects records",Lockhill School.,,,,,Texas,United States,,Ayres and Ayres | architects,,Lockhill School,Contributor/Architect inferred by cataloger,,,,AAf461,,undated,undated,,,,,,,,,,,,,,,
9460,AA,"Ayres & Ayres, Architects records",Lockhill School. New Building.,,,,,Texas,,,Ayres and Ayres | architects,,,,Perspectives.,,,AAf461,,1935,1935,photostats,,presentation,hr,,Mon Mar 13 00:00:00 CST 2006,,,,,,,,,
9461,AA,"Ayres & Ayres, Architects records",Lone Star Brewery.,,600 Lone Star boulevard,San Antonio,,Texas,,,Ayres and Ayres | architects,,,,"Perspective, Matted.",,,AAf367.a,AAr095,1935,1935,boards,,,hr,,Mon Mar 13 00:00:00 CST 2006,,,,,,,,,
9462,AA,"Ayres & Ayres, Architects records",Lonnie Wright residence.,,342 Wilkins Ave,San Antonio,Bexar,Texas,United States,Texas--San Antonio,Atlee B. Ayres | architect,George Willis | attributed designer,"Wright, Lonnie",,6,,,AAf123,,1914,1914,ink on linen,,,bjd,,,,,,,,,,,
9463,AA,"Ayres & Ayres, Architects records",Los Angeles Municipal Building.  Branch City Hall at San Pedro.,,,Los Angeles,,California,,,Ayres and Ayres | architects,"Los Angeles (Calif.) City of, Department of Construction.",,,"Date: Nov. 12, 1927.  All drawings are oversized.",,,AAf422,AAr138,1927,1927,prints (ex. bluelines),,,hr,,Mon Mar 13 00:00:00 CST 2006,,,,,,,,,
9464,AA,"Ayres & Ayres, Architects records",Lost Valley resort hotel.,,near Bandera,Bandera,Bandera,Texas,United States,Texas--Bandera,Ayres and Ayres | architects,,"Robinson, Mike",Contributor/Architect inferred by cataloger,,,,AAf185,,1946 01 31,1946-01-31,,,,,,,,,,,,,,,
9465,AA,"Ayres & Ayres, Architects records",Louis Kaplan apartment building and shops.,,Birchleaf Dr,San Antonio,Bexar,Texas,United States,Texas--San Antonio,Ayres and Ayres | architects,,"Kaplan, Louis",Contributor/Architect inferred by cataloger,,,,AAf318,,1971,1971,,,,,,,,,,,,,,,
9466,AA,"Ayres & Ayres, Architects records",Darby residence.,,,McAllen,Hidalgo,Texas,United States,Texas--McAllen,Ayres and Ayres | architects,,"Darby, M.",Contributor/Architect inferred by cataloger,,,,AAf095,,1949,1949,,,,tv,,Wed Jun 02 00:00:00 CDT 2004,,,,,,,,,
9467,AA,"Ayres & Ayres, Architects records",M.C. McDonald residence.,,,Monroe,,Louisiana,United States,Louisiana--Monroe,Ayres and Ayres | architects,,"McDonald, M. C.",Contributor/Architect inferred by cataloger,"2,6",,,AAf075,,undated,undated,,,,,,,,,,,,,,,
9468,AA,"Ayres & Ayres, Architects records",M.P. Strickland residence (two story).,,"Corner of Wycham and Zambrano Rd., Terrell Hills",San Antonio,Bexar,Texas,United States,Texas--San Antonio,Ayres and Ayres | architects,,"Strickland,  Mr. and Mrs. M. P.",Contributor/Architect inferred by cataloger,,,,AAf041,,1940-1941,1940-1941,,,,,,,,,,,,,,,
9469,AA,"Ayres & Ayres, Architects records",M.W. Cochran residence. Proposed.,,,Fulton,Aransas,Texas,United States,Texas--Fulton,Ayres and Ayres | architects,,"Cochran, M. W.",Contributor/Architect inferred by cataloger,,,,AAf203,,1973,1973,,,,tv,,Wed Jun 02 00:00:00 CDT 2004,,,,,,,,,
9470,AA,"Ayres & Ayres, Architects records",M.W. Cochran residence. Proposed.,,,Fulton,Aransas,Texas,United States,Texas--Fulton,Ayres and Ayres | architects,,"Cochran, M. W.",Contributor/Architect inferred by cataloger,,,,AAf276,,1973,1973,,,,tv,,Wed Jun 02 00:00:00 CDT 2004,,,,,,,,,
9471,AA,"Ayres & Ayres, Architects records","Main Savings and Loan Association building (San Antonio, Tex.).",,Main Ave,San Antonio,Bexar,Texas,United States,Texas--San Antonio,Ayres and Ayres | architects,,Main Savings and Loan Association,Contributor/Architect inferred by cataloger,,,,AAf326,,1968-1969,1968-1969,,,,,,,,,,,,,,,
9472,AA,"Ayres & Ayres, Architects records",Mannen residence.,,,,,,United States,,Ayres and Ayres | architects,,Mannen,Contributor/Architect inferred by cataloger,,,,AAf499,,undated,undated,,,,nls,,Wed Aug 16 00:00:00 CDT 2006,,,,,,,,,
9473,AA,"Ayres & Ayres, Architects records",Marion Koogler McNay Art Institute (Atkinson residence). Remodeling.,,6000 North New Braunfels,San Antonio,Bexar,Texas,United States,Texas--San Antonio,Ayres and Ayres | architects,,Marion Koogler McNay Art Institute,Contributor/Architect inferred by cataloger,,,,AAf223,,1954,1954,,,,,,,,,,,,,,,
9474,AA,"Ayres & Ayres, Architects records",Marion Koogler McNay Art Institute (Atkinson residence). Remodeling.,,6000 North New Braunfels,San Antonio,Bexar,Texas,United States,Texas--San Antonio,Ayres and Ayres | architects,,Marion Koogler McNay Art Institute,Contributor/Architect inferred by cataloger,,,,"AAf223
",,1965-1966,1965-1966,,,,,,,,,,,,,,,
9475,AA,"Ayres & Ayres, Architects records","Market and Housing Development (San Antonio, Tex.).",,Commerce St,San Antonio,Bexar,Texas,United States,Texas--San Antonio,Ayres and Ayres | architects,,"San Antonio, City of",Contributor/Architect inferred by cataloger,,,,AAf344,,undated,undated,,,,,,,,,,,,,,,
9476,AA,"Ayres & Ayres, Architects records",Marti Store.,,,Nuevo Laredo,,Tamaulipas,Mexico,Mexico--Nuevo Laredo,Ayres and Ayres | architects,,Marti Store,Contributor/Architect inferred by cataloger,,,,AAf380,AAr108,undated,undated,,,,,,,,,,,,,,,
9477,AA,"Ayres & Ayres, Architects records",Martin-Wright Electric Co. building.,,227 Olmos Dr,San Antonio,Bexar,Texas,United States,Texas--San Antonio,Ayres and Ayres | architects,,Martin-Wright Electric Co.,Contributor/Architect inferred by cataloger,,,,AAf166,,1956-1957,1956-1957,,,,,,,,,,,,,,,
9478,AA,"Ayres & Ayres, Architects records",Martin-Wright Electric Company building.,,Auditorium Plaza,San Antonio,Bexar,Texas,United States,Texas--San Antonio,Atlee B. Ayres and Robert M. Ayres | architects,,Martin-Wright Electric Company,,,,,AAf165,,1928,1928,pencil on trace,,"architectural/measured
mechanical/plumbing/HVAC",,,,,,,,,,,,
9479,AA,"Ayres & Ayres, Architects records",Masonic Grand Lodge Building.,,,Waco,,Texas,,,J. E. Flanders,,,,Date: February 1904.,,,AAf440,,1904,1904,prints (ex. bluelines),,,hr,,Mon Mar 13 00:00:00 CST 2006,,,,,,,,,
9480,AA,"Ayres & Ayres, Architects records",Maurice Cochran residence. Proposed.,,,San Antonio,Bexar,Texas,United States,Texas--San Antonio,Ayres and Ayres | architects,,"Cochran, Maurice",Contributor/Architect inferred by cataloger,,,,AAf125,,undated,undated,,,,tv,,Wed Jun 02 00:00:00 CDT 2004,,,,,,,,,
9481,AA,"Ayres & Ayres, Architects records",Mausoleum. Proposed.,,,,,,,,Ayres and Ayres | architects,,,,"listed in paper finding aid as B-10 under Pagenkopf appraisal 1989014 accession
1 rendering sent to Kilgarlin Center PCS Paper Lab 2 students for conservation work 8/28/2006",,, ," 
",undated,undated,"trace paper
boards",,"design/studies and sketches
presentation",nls,,Wed Aug 23 00:00:00 CDT 2006,,B prof. conservator,,,,,,1989014,
9482,AA,"Ayres & Ayres, Architects records",Maverick-Clark Building (Ormsby Chevrolet Building). Plat.,,,San Antonio,,Texas,United States,Texas--San Antonio,unidentified | contributor,,,,,,,,AAr203,undated,undated,prints (ex. bluelines),,,hr,,Wed Mar 22 00:00:00 CST 2006,,,,,,,,,
9483,AA,"Ayres & Ayres, Architects records",McMurry College. Topographic Map.,,,San Antonio,,Texas,United States,Texas--San Antonio,unidentified | contributor,,,,,,,,AAr176,undated,undated,,,,hr,,Wed Mar 22 00:00:00 CST 2006,,,,,,,,,
9484,AA,"Ayres & Ayres, Architects records",Meador Motor Company building.,,Main Ave at Poplar St,San Antonio,Bexar,Texas,United States,Texas--San Antonio,Ayres and Ayres | architects,,Meador Motor Company,Contributor/Architect inferred by cataloger,,,,AAf210,,1929,1929,,,,,,,,,,,,,,,
9485,AA,"Ayres & Ayres, Architects records",Medi-Dent Building.  Meeks and Spann Office.,,7254 Blanco Road,San Antonio,Bexar,Texas,United States,Texas--San Antonio,Atlee B. Ayres and Robert M. Ayres | architects,,"Meeks, Dr. and Spann, Dr.",,"Se plans for Medi-Dent Building (folder 409). Date: Feb. 25, 1972, 3-9-72.  hr=3/13/06",,,"AAf402
",,1972,1972,,,,hr ag,,Tue Oct 24 00:00:00 CDT 2006,,,,,,,,,
9486,AA,"Ayres & Ayres, Architects records",Medi-Dent Building. Manconi office.,,7254 Blanco Road.,San Antonio,,Texas,,,Ayres and Ayres | architects,,"Menconi, L. R.",,"DAte: Sept. 17, 1973.",,,AAf401,,1973,1973,"paper
prints (ex. bluelines)",,,hr,,Mon Mar 13 00:00:00 CST 2006,,,,,,,,,
9487,AA,"Ayres & Ayres, Architects records",Medi-Dent building. Romo Office.,,7254  Blanco Rd,San Antonio,Bexar,Texas,United States,Texas--San Antonio,Atlee B. Ayres and Robert M. Ayres | architects,,"Romo, Dr. Victor M.",,"See plans for Medi-Dent Building. Date: June 13, 1973.  hr=3/13/06",,,"AAf403
",,1973,1973,"paper
sepias (use barrier sheets)
prints (ex. bluelines)",,,hr ag,,Tue Oct 24 00:00:00 CDT 2006,,,,,,,,,
9488,AA,"Ayres & Ayres, Architects records","Medi-Dent, Inc. medical office building. Proposed.",,7254  Blanco Rd,San Antonio,Bexar,Texas,United States,Texas--San Antonio,Ayres and Ayres | architects,,"Medi-Dent, Inc.",Contributor/Architect inferred by cataloger,,,,"AAf409
",AAr127,1971-1972,1971-1972,,,,,,,,,,,,,,,
9489,AA,"Ayres & Ayres, Architects records",Medina Electric Cooperative building.,,,Hondo,Medina,Texas,United States,Texas--Hondo,Ayres and Ayres | architects,,Medina Electric Cooperative,Contributor/Architect inferred by cataloger,,,,AAf167,,1955-1956,1955-1956,,,,,,,,,,,,,,,
9490,AA,"Ayres & Ayres, Architects records",Medina Hospital. Proposed Addition.,,,Hondo,,Texas,,,Ayres and Ayres | architects,Alfred G. Brocks,,,"Date: Sept. 20, 1941.",,,AAf416.1,,1941,1941,"paper
prints (ex. bluelines)",,,hr,,Mon Mar 13 00:00:00 CST 2006,,,,,,,,,
9491,AA,"Ayres & Ayres, Architects records","Memorial Museum (Temple, Tex.).",,,Temple,Bell,Texas,United States,Texas--Temple,Ayres and Ayres | architects,,"Memorial Museum (Temple, Tex.)",Contributor/Architect inferred by cataloger,,,,AAf313,,undated,undated,,,,,,,,,,,,,,,
9492,AA,"Ayres & Ayres, Architects records",Memorial Park Co. Chapel.,,,San Antonio,Bexar,Texas,United States,Texas--San Antonio,Ayres and Ayres | architects,,Memorial Park Co.,Contributor/Architect inferred by cataloger,,,,AAf193,,1928,1928,,,,,,,,,,,,,,,
9493,AA,"Ayres & Ayres, Architects records",Menger Hotel. Additions.,,Alamo Plaza at Blum and Crockett Sts,San Antonio,Bexar,Texas,United States,Texas--San Antonio,Ayres and Ayres | architects,,Menger Hotel,Contributor/Architect inferred by cataloger,,,,AAf233.1,,1948-1950,1948-1950,,,,,,,,,,,,,,,
9494,AA,"Ayres & Ayres, Architects records",Menger Hotel. Additions.,,Alamo Plaza at Blum and Crockett Sts,San Antonio,Bexar,Texas,United States,Texas--San Antonio,Ayres and Ayres | architects,,Menger Hotel,Contributor/Architect inferred by cataloger,,,,AAf233.2,,1953,1953,,,,,,,,,,,,,,,
9495,AA,"Ayres & Ayres, Architects records",Menger Hotel. Additions.,,Alamo Plaza at Blum and Crockett Sts,San Antonio,Bexar,Texas,United States,Texas--San Antonio,Ayres and Ayres | architects,,Menger Hotel,Contributor/Architect inferred by cataloger,,,,AAf233,AAr233,1965-1967,1965-1967,,,,bjd,,,Wed Oct 02 00:00:00 CDT 2019,,,,,,,,
9496,AA,"Ayres & Ayres, Architects records","Mercantile Bank and Trust  building (San Antonio, Tex.).",,8700 McCullough,San Antonio,Bexar,Texas,United States,Texas--San Antonio,Ayres and Ayres | architects,,"Mercantile Bank and Trust (San Antonio, Tex.)",Contributor/Architect inferred by cataloger,,,,AAf333,,1968,1968,,,,,,,,,,,,,,,
9497,AA,"Ayres & Ayres, Architects records","Mercantile Bank and Trust building (San Antonio, Tex.).",,8700 McCullough,San Antonio,Bexar,Texas,United States,Texas--San Antonio,Ayres and Ayres | architects,,"Mercantile Bank and Trust  (San Antonio, Tex.)",Contributor/Architect inferred by cataloger,,,,AAf333,AAr069,1961?,1961?,,,,,,,,,,,,,,,
9498,AA,"Ayres & Ayres, Architects records","Midland National bank. Motor bank, parking garage, and office building. Proposed.",,401 West Texas Ave,Midland,Midland,Texas,United States,Texas--Midland,Ayres and Ayres | architects,,Midland National Bank,Contributor/Architect inferred by cataloger,,,,AAf332,AAr069,1966,1966,,,,,,,,,,,,,,,
9499,AA,"Ayres & Ayres, Architects records",Mission Burial Park North. Mausoleum.,,20900 Fredericksburg Rd,San Antonio,Bexar,Texas,United States,Texas--San Antonio,Ayres and Ayres | architects,,Mission Burial Park North,Contributor/Architect inferred by cataloger,,,,AAf306,,1960,1960,,,,,,,,,,,,,,,
9500,AA,"Ayres & Ayres, Architects records",Mission Espiritu Santo de Zuniga. Restoration.,,,Goliad,Goliad,Texas,United States,Texas--Goliad,Ayres and Ayres | architects,,Mission Espiritu Santo de Zuniga,,Date taken from receipt inventory.,,,AAf322,,1933,1933,"trace paper
paper","photographic
correspondence
specifications
drawings","architectural/measured
design/studies and sketches",bjd,,Wed Jun 23 00:00:00 CDT 1999,,E fasteners/rehouse,,,,,y,1.979E+47,
9501,AA,"Ayres & Ayres, Architects records",Mission Espiritu Santo de Zuniga. Restoration.,10405-B-4,Goliad State Park,Goliad,Goliad,Texas,United States,Texas--Goliad,Ayres and Ayres | architects,,"Texas Civil Works Administration, Lawrence Westbrook Administrator, Austin, TX",,"“These drawings made from drwings prepared by Ayers and Ayres, drawn by Emmett T.Jackson.  Jan. 16, 1934.",,,AAf322.1,,1934,1934,prints (ex. bluelines),,architectural/measured,bjd,,Wed Jun 23 00:00:00 CDT 1999,,E fasteners/rehouse,,,,,y,1.979E+23,
9502,AA,"Ayres & Ayres, Architects records",Mission Nuestra Senora de la Purissima Concepcion de Acuna. Restoration and addition.,,807 Mission Rd,San Antonio,Bexar,Texas,United States,Texas--San Antonio,Ayres and Ayres | architects,,Mission Concepcion,,"Includes museum, cloister, sacristy, and stairway to infirmary. October through November, 1930.",,,AAf321,,1930,1930,"trace paper
paper",undetermined,"architectural/measured
design/studies and sketches",bjd,,Wed Jun 23 00:00:00 CDT 1999,,"E fasteners/rehouse
D humid./flatten
C minor tears/cleaning",,,n,n,y,1.979E+23,
9503,AA,"Ayres & Ayres, Architects records",Mission San Antonio de Valero (The Alamo)? Base for crucifix.,,Alamo Plaza,San Antonio,Bexar,Texas,United States,Texas--San Antonio,Ayres and Ayres | architects,,,,Found with the other drawings for the Alamo.,,,AAf220.1,,undated,undated,prints (ex. bluelines),undetermined,industrial design/furniture,tvt,,Wed Jun 02 00:00:00 CDT 2004,,E fasteners/rehouse,,,,,y,1.979E+11,
9504,AA,"Ayres & Ayres, Architects records",Mission San Antonio de Valero (The Alamo)? Bathrooms renovation.,,Alamo Plaza,San Antonio,Bexar,Texas,United States,Texas--San Antonio,Ayres and Ayres | architects,,Alamo,,Found with the other drawings for the Alamo. Date=1/10/1950.  References Miss Pick and basement.,,,AAf220,,1950,1950,trace paper,undetermined,"design/studies&sketches
architectural/measured",bjd,,Wed Jun 23 00:00:00 CDT 1999,,E fasteners/rehouse,,,,,y,1.979E+11,
9505,AA,"Ayres & Ayres, Architects records",Mission San Antonio de Valero (The Alamo).,,Alamo Plaza,San Antonio,Bexar,Texas,United States,Texas--San Antonio,Robert M. Ayres,,Alamo,Contributor inferred by cataloger,The Texas State Archives have associated papers. Date=11/15/1972.,,,AAf220.2,,1972,1972,trace paper,undetermined,architectural/measured,tv,,Wed Jun 02 00:00:00 CDT 2004,,E fasteners/rehouse,,,,,y,1.979E+23,
9506,AA,"Ayres & Ayres, Architects records",Mission San Antonio de Valero (The Alamo).  Front facade measured drawings.,,Alamo Plaza,San Antonio,Bexar,Texas,United States,Texas--San Antonio,Ayres and Ayres | architects,,,,,,,AAf220,,undated,undated,trace paper,undetermined,"design/studies&sketches
architectural/measured",bjd,,Wed Jun 23 00:00:00 CDT 1999,,E fasteners/rehouse,,,,,y,1.979E+23,
9507,AA,"Ayres & Ayres, Architects records",Mission San Antonio de Valero (The Alamo).  Front facade sketches and renderings.,,Alamo Plaza,San Antonio,Bexar,Texas,United States,Texas--San Antonio,Ayres and Ayres | architects,,,,,,,AAf220,,undated,undated,"trace paper
watercolors/pastels",undetermined,"design/studies&sketches
design/studies and sketches",bjd,,Wed Jun 23 00:00:00 CDT 1999,,E fasteners/rehouse,,,,,y,1.979E+23,
9508,AA,"Ayres & Ayres, Architects records",Mission San Antonio de Valero (The Alamo).  Reconstruction.,,,San Antonio,Bexar,Texas,United States,Texas--San Antonio,Henry T. Phelps,,Alamo,,“Plans for work to be done for the preservation of the Alamo” Date= 10/19/1936,,,AAf220,,1936,1936,prints (ex. bluelines),undetermined,architectural/measured,tv,,Wed Jun 02 00:00:00 CDT 2004,,E fasteners/rehouse,,,,,y,1.979E+23,
9509,AA,"Ayres & Ayres, Architects records",Mission San Jose y San Miguel de Aguayo. Rose window. Restoration. Details.,,701 East Pyron,San Antonio,Bexar,Texas,United States,Texas--San Antonio,Ayres and Ayres | architects,,Mission San Jose y Aguayo,Contributor/Architect inferred by cataloger,Title taken from verso of one drawing.,,,AAf323,,undated,undated,"blueprints
prints (ex. bluelines)","photographic
drawings",,bjd ns,,Wed Oct 13 00:00:00 CDT 1999,,"Tears- multiple.
B prof. conservator
C minor tears/cleaning",,n,n,,,,
9510,AA,"Ayres & Ayres, Architects records",Missionary Servant of St. Anthony. Convent and novitiate.,,100 Peter Baque,San Antonio,Bexar,Texas,United States,Texas--San Antonio,Ayres and Ayres | architects,,Missionary Servant of St. Anthony,Contributor/Architect inferred by cataloger,,,,AAf244,,1957,1957,,,,,,,,,,,,,,,
9511,AA,"Ayres & Ayres, Architects records",Missionary Servant of St. Anthony. Convent and novitiate.,,100 Peter Baque,San Antonio,Bexar,Texas,United States,Texas--San Antonio,Ayres and Ayres | architects,,Missionary Servant of St. Anthony,Contributor/Architect inferred by cataloger,,,,AAf244,,1960,1960,,,,,,,,,,,,,,,
9512,AA,"Ayres & Ayres, Architects records",Mistletoe Creameries Plant.,,East Ashby Place at Memorial Dr,San Antonio,Bexar,Texas,United States,Texas--San Antonio,Ayres and Ayres | architects,,Mistletoe Creameries,Contributor/Architect inferred by cataloger,,,,AAf187,AAr015,1932-1933,1932-1933,,,,,,,,,,,,,,,
9513,AA,"Ayres & Ayres, Architects records",Montgomery residence. Addition.,,,San Antonio,Bexar,Texas,United States,Texas--San Antonio,Ayres and Ayres | architects,,Montgomery,Contributor/Architect inferred by cataloger,,,,AAf089,,1947,1947,,,,,,,,,,,,,,,
9514,AA,"Ayres & Ayres, Architects records",Mortgage Investment Corp. Addition.,,303 West Commerce St,San Antonio,Bexar,Texas,United States,Texas--San Antonio,Ayres and Ayres | architects,,Mortgage Investment Corp.,Contributor/Architect inferred by cataloger,,,,AAf215,AAr019-AAr020,1954-1955,1954-1955,,,,,,,,,,,,,,,
9515,AA,"Ayres & Ayres, Architects records",Mortgage Investment Corp. Addition.,,303 West Commerce St,San Antonio,Bexar,Texas,United States,Texas--San Antonio,Ayres and Ayres | architects,,Mortgage Investment Corp.,Contributor/Architect inferred by cataloger,,,,AAf215,AAr019-AAr020,1961-1962,1961-1962,,,,,,,,,,,,,,,
9516,AA,"Ayres & Ayres, Architects records",Mortgage Investment Corp. Addition.,,303 West Commerce St,San Antonio,Bexar,Texas,United States,Texas--San Antonio,Ayres and Ayres | architects,,Mortgage Investment Corp.,Contributor/Architect inferred by cataloger,,,,AAf215,AAr019-AAr020,1972,1972,,,,,,,,,,,,,,,
9517,AA,"Ayres & Ayres, Architects records",Mosle Office Space (100 National Bank of Commerce Building).,,430 Soledad,San Antonio,,Texas,,,Ayres and Ayres | architects,,"Mosle, Roton.",,"See vertical files for correspondance and other material. Date: May 23, 1973, June 5, 1973.",,,AAf363,AAr091,1973,1973,"paper
prints (ex. bluelines)",,,hr,,Mon Mar 13 00:00:00 CST 2006,,,,,,,,,
9518,AA,"Ayres & Ayres, Architects records","Mr. Albert West, Jr. apartment building (two story).",,,[San Antonio],Bexar,Texas,United States,Texas--[San Antonio],Ayres and Ayres | architects,,"West, Mr. Albert, Jr.",Contributor/Architect inferred by cataloger,,,,AAf118,,undated,undated,,,,,,,,,,,,,,,
9519,AA,"Ayres & Ayres, Architects records","Municipal Auditorium (San Antonio, Tex.).",,,San Antonio,Bexar,Texas,United States,Texas--San Antonio,Ayres and Ayres | architects,,"San Antonio, City of",Contributor/Architect inferred by cataloger,,,,AAf295,AAr044-AAr049,1924-1925,1924-1925,,,,,,,,,,,,,,,
9520,AA,"Ayres & Ayres, Architects records","Municipal Auditorium (San Antonio, Tex.).",,,San Antonio,Bexar,Texas,United States,Texas--San Antonio,Ayres and Ayres | architects,,"San Antonio, City of",Contributor/Architect inferred by cataloger,,,,AAf295,AAr044-AAr049,1929,1929,,,,,,,,,,,,,,,
9521,AA,"Ayres & Ayres, Architects records","Municipal Auditorium (San Antonio, Tex.).",,,San Antonio,Bexar,Texas,United States,Texas--San Antonio,Ayres and Ayres | architects,,"San Antonio, City of",Contributor/Architect inferred by cataloger,,,,AAf295,AAr044-AAr049,1962-1963,1962-1963,,,,,,,,,,,,,,,
9522,AA,"Ayres & Ayres, Architects records","Municipal Auditorium (San Antonio, Tex.).",,,San Antonio,Bexar,Texas,United States,Texas--San Antonio,Ayres and Ayres | architects,,"San Antonio, City of",Contributor/Architect inferred by cataloger,,,,AAf295,AAr044-AAr049,1965,1965,,,,,,,,,,,,,,,
9523,AA,"Ayres & Ayres, Architects records","Municipal Auditorium (San Antonio, Tex.).",,Jefferson St,San Antonio,Bexar,Texas,United States,Texas--San Antonio,George Willis | architect; Emmett T. Jackson | architect,,"San Antonio, City of",,,,,AAf295,AAr044-AAr049,undated,undated,ink on paper  (print),,"architectural/measured
site/landscape 
presentation",Chris Means,1997-10-27 00:00:00,,,,,,,,,,
9524,AA,"Ayres & Ayres, Architects records","National Bank of Commerce (San Antonio, Tex.).",,430 Soledad,San Antonio,Bexar,Texas,United States,Texas--San Antonio,Ayres and Ayres | architects,,"National Bank of Commerce (San Antonio, Tex.)",Contributor/Architect inferred by cataloger,,,,AAf325,AAr057-AAr058,1955,1955,,,,,,,,,,,,,,,
9525,AA,"Ayres & Ayres, Architects records","National Bank of Commerce (San Antonio, Tex.).",,430 Soledad,San Antonio,Bexar,Texas,United States,Texas--San Antonio,Ayres and Ayres | architects,,"National Bank of Commerce (San Antonio, Tex.)",Contributor/Architect inferred by cataloger,,,,AAf325,AAr057-AAr058,1968-1970,1968-1970,,,,,,,,,,,,,,,
9526,AA,"Ayres & Ayres, Architects records","National Bank of Commerce (San Antonio, Tex.). Motor Bank.",,Main Ave at Soledad St,San Antonio,Bexar,Texas,United States,Texas--San Antonio,Ayres and Ayres | architects,,"National Bank of Commerce (San Antonio, Tex.)",Contributor/Architect inferred by cataloger,,,,AAf325,AAr057-AAr058,1968,1968,,,,,,,,,,,,,,,
9527,AA,"Ayres & Ayres, Architects records","National Bank of Commerce (San Antonio, Tex.). Office space.",,430 Soledad,San Antonio,Bexar,Texas,United States,Texas--San Antonio,Ayres and Ayres | architects,,"Mosle, Rotan",Contributor/Architect inferred by cataloger,,,,AAf325,AAr057-AAr058,1973,1973,,,,,,,,,,,,,,,
9528,AA,"Ayres & Ayres, Architects records",Navarro St. at Commerce St. building plans.,,,San Antonio,,Texas,United States,Texas--San Antonio,Homer M. Mathews and Associates | consulting engineer,,,,,,,,AAr194,undated,undated,,,,hr,,Wed Mar 22 00:00:00 CST 2006,,,,,,,,,
9529,AA,"Ayres & Ayres, Architects records",Navarro-Travis Corporation parking garage and office building.,,711 Navarro,San Antonio,Bexar,Texas,United States,Texas--San Antonio,Ayres and Ayres | architects,,Navarro-Travis Corp.,Contributor/Architect inferred by cataloger,,,,AAf393,AAr119-AAr120,1969,1969,,,,,,,,,,,,,,,
9530,AA,"Ayres & Ayres, Architects records",Neisner Bros. Inc. store building no. 120.,,Broadway at Houston,San Antonio,Bexar,Texas,United States,Texas--San Antonio,Ayres and Ayres | architects,,Neisner Bros. Inc.,Contributor/Architect inferred by cataloger,"segregation colored toilets, dining rooms, locker room for workers male and female 
Fall semester 2000 this set of drawings was sent to the GSLIS paper conservation class for humidification and returned Spring 2001
and flattening 5 sheets were sent - E19, E13, P8, E14, AS3 pcs",,,AAf385 & dr 80B,,1946-1947,1946-1947,"trace paper
prints (ex. bluelines) - sepia
sepias (use barrier sheets)
prints (ex. bluelines)",,,nls,,Tue Aug 29 00:00:00 CDT 2000,Tue Jul 21 00:00:00 CDT 2009,,,,,,,,
9531,AA,"Ayres & Ayres, Architects records",New fire zone map for San Antonio.,,,San Antonio,,Texas,United States,Texas--San Antonio,Southwell Map Company,,,,,,,,AAr191,undated,undated,prints (ex. bluelines),,,hr,,Wed Mar 22 00:00:00 CST 2006,,,,,,,,,
9532,AA,"Ayres & Ayres, Architects records",New Senior high school for the San Antonio Independent School District. (Thomas Jefferson High School).,,723 Donaldson,San Antonio,,Texas,,,Ayres and Ayres | architects,Adams and Adams,,,Date: 8-5-30.  Architects for the Board of Education: Phelps and Dewees.,,,AAf336,"AAr073, AAr073.1",1930,1930,photocopies,,,hr,,Mon Mar 13 00:00:00 CST 2006,,,,,,,,,
9533,AA,"Ayres & Ayres, Architects records",Nicholson and Furnist residence.,,Huisache & Belknap (see note field below),San Antonio,Bexar,Texas,United States,Texas--San Antonio,Atlee B. Ayres | architect,,Furnish,,"“Nicholson Furnish and Smith” penciled on sheet 2.  Hart? Furnish. According to newspaper clippings at the Institute for Texan Cultures this house was one of two residences designed by Atlee Ayres for Nicholson, Furnish & Smith to be erected on their new subdivision “Beacon Hill” which is west of Laurel Heights in San Antonio on the corner of Huisache and Belknap. Built around 1907. See Ayres & Ayres reference file in the AAA for citations.",,,AAf047,,undated,undated,ink on linen,,,tv,,Wed Jun 02 00:00:00 CDT 2004,,,,,,,,,
9534,AA,"Ayres & Ayres, Architects records",Nicholson residence.,,,San Antonio,Bexar,Texas,United States,Texas--San Antonio,Ayres and Ayres | architects,,Nicholson,Contributor/Architect inferred by cataloger,,,,AAf047,,undated,undated,,,,,,,,,,,,,,,
9535,AA,"Ayres & Ayres, Architects records",Nix Professional Building. Additions and alterations.,,414 Navarro,San Antonio,Bexar,Texas,United States,Texas--San Antonio,Ayres and Ayres | architects,,Nix Professional Building,Contributor/Architect inferred by cataloger,8 sheets - architectural set flattened and in drawer; all other drawings still in AAr029,,,AAf278            2 folders AA dr 48d,AAr029,1958-1961,1958-1961,"trace paper
prints (ex. bluelines)",drawings,"architectural/measured
design/studies and sketches
electrical
mechanical/plumbing/HVAC",nls,,,2022-10-04 00:00:00,,,,,,,,
9536,AA,"Ayres & Ayres, Architects records",Norhtwest Junior High School.,,,San Antonio,Bexar,Texas,United States,Texas--San Antonio,Ayres and Ayres | architects,,Norhtwest Junior High School,Contributor/Architect inferred by cataloger,,,,AAf190,,undated,undated,,,,,,,,,,,,,,,
9537,AA,"Ayres & Ayres, Architects records",North Side Branch Public Library (San Pedro Park Library).,,,San Antonio,Bexar,Texas,United States,Texas--San Antonio,Ayres and Ayres | architects,,"San Antonio, City of",Contributor/Architect inferred by cataloger,,,,AAf198,AAr016,1929,1929,,,,hr,,Wed Mar 15 00:00:00 CST 2006,,,,,,,,,
9538,AA,"Ayres & Ayres, Architects records",Northside Junior High School.,,West Huisache at Lake Blvd,San Antonio,Bexar,Texas,United States,Texas--San Antonio,Ayres and Ayres | architects,,Northside Junior High School,Contributor/Architect inferred by cataloger,,,,AAf240,,1932,1932,,,,,,,,,,,,,,,
9539,AA,"Ayres & Ayres, Architects records",Norvel Chittim residence. Additions.,,"Eldron Dr., Terrell Hills",San Antonio,Bexar,Texas,United States,Texas--San Antonio,Ayres and Ayres | architects,,"Chittim, Norvel",Contributor/Architect inferred by cataloger,,,,AAf074,,1922,1922,,,,tv,,Wed Jun 02 00:00:00 CDT 2004,,,,,,,,,
9540,AA,"Ayres & Ayres, Architects records",Norvel Chittim residence. Additions.,,"Eldron Dr., Terrell Hills",San Antonio,Bexar,Texas,United States,Texas--San Antonio,Ayres and Ayres | architects,,"Chittim, Norvel",Contributor/Architect inferred by cataloger,,,,AAf074.1,,1954,1954,,,,tv,,Wed Jun 02 00:00:00 CDT 2004,,,,,,,,,
9541,AA,"Ayres & Ayres, Architects records",Norvel Chittim residence. Additions.,,"Eldron Dr., Terrell Hills",San Antonio,Bexar,Texas,United States,Texas--San Antonio,Ayres and Ayres | architects,,"Chittim, Norvel",Contributor/Architect inferred by cataloger,,,,AAf074.a,,1955,1955,,,,tv,,Wed Jun 02 00:00:00 CDT 2004,,,,,,,,,
9542,AA,"Ayres & Ayres, Architects records",Norvel Chittim residence. Additions.,,"Eldron Dr., Terrell Hills",San Antonio,Bexar,Texas,United States,Texas--San Antonio,Ayres and Ayres | architects,,"Chittim, Norvel",Contributor/Architect inferred by cataloger,,,,AAf074.2,,1967,1967,,,,tv,,Wed Jun 02 00:00:00 CDT 2004,,,,,,,,,
9543,AA,"Ayres & Ayres, Architects records",Oak Hills Bowling Lanes buildings.,,Fredericksburg at Callaghan Rds,San Antonio,Bexar,Texas,United States,Texas--San Antonio,Ayres and Ayres | architects,,Oak Hills Bowling Lanes,Contributor/Architect inferred by cataloger,,,,AAf282,AAr033,1959,1959,,,,,,,,,,,,,,,
9544,AA,"Ayres & Ayres, Architects records",Oak Hills Country Club building.,,Fredericksburg Rd,San Antonio,Bexar,Texas,United States,Texas--San Antonio,Ayres and Ayres | architects,,Oak Hills Country Club,Contributor/Architect inferred by cataloger,,,,AAf194,,1946,1946,,,,,,,,,,,,,,,
9545,AA,"Ayres & Ayres, Architects records",Oak Hills Country Club building.,,Fredericksburg Rd,San Antonio,Bexar,Texas,United States,Texas--San Antonio,Ayres and Ayres | architects,,Oak Hills Country Club,Contributor/Architect inferred by cataloger,,,,AAf194,,1948,1948,,,,,,,,,,,,,,,
9546,AA,"Ayres & Ayres, Architects records",Oak Hills Country Club building.,,Fredericksburg Rd,San Antonio,Bexar,Texas,United States,Texas--San Antonio,Ayres and Ayres | architects,,Oak Hills Country Club,Contributor/Architect inferred by cataloger,,,,AAf194,,1966-1967,1966-1967,,,,,,,,,,,,,,,
9547,AA,"Ayres & Ayres, Architects records",Office building and parking garage.,,Main Avenue,San Antonio,Bexar,Texas,United States,Texas--San Antonio,Ayres and Ayres | architects,,,,,,,AAf364,AAr092,undated,undated,,,,hr,,Thu Mar 16 00:00:00 CST 2006,,,,,,,,,
9548,AA,"Ayres & Ayres, Architects records",Old Tasselfoot Village Unit 1 residence.,,,Fulton,Aransas,Texas,United States,Texas--Fulton,Ayres and Ayres | architects,,Cochran Realty Company,Contributor/Architect inferred by cataloger,,,,,,1957-1958,1957-1958,,,,,,,,,,,,,,,
9549,AA,"Ayres & Ayres, Architects records",One story modified English style residence.,,,,,,,,Ayres and Ayres | architects,,,,"listed in paper finding aid as RR-6 under Pagenkopf appraisal 1989014 accession
1 rendering sent to Kilgarlin Center PCS Paper Lab 2 students for conservation work 8/28/2006",,, ," 
",undated,undated,"boards
paper",,"presentation
design/studies and sketches",nls,,Wed Aug 23 00:00:00 CDT 2006,,B prof. conservator,,,,,,1989014,
9550,AA,"Ayres & Ayres, Architects records",Oscar Brunner residence (one story).,,,San Antonio,Bexar,Texas,United States,Texas--San Antonio,Ayres and Ayres | architects,,"Brunner, Mr. and Mrs. Oscar",Contributor/Architect inferred by cataloger,,,,AAf265,,1958,1958,,,,tv,,Wed Jun 02 00:00:00 CDT 2004,,,,,,,,,
9551,AA,"Ayres & Ayres, Architects records",Oscar J. Brunner residence. Remodeling.,,"Argyle St at Marton Street, Alamo Heights",San Antonio,Bexar,Texas,United States,Texas--San Antonio,Ayres and Ayres | architects,,"Brunner, Oscar J.",,,,,AAf263,,1939,1939,,,,tv,,Wed Jun 02 00:00:00 CDT 2004,,,,,,,,,
9552,AA,"Ayres & Ayres, Architects records",P.H. Swearingen residence (two story).,,"262 Geneso Rd., Terrell Hills",San Antonio,Bexar,Texas,United States,Texas--San Antonio,Ayres and Ayres | architects,,"Swearingen, Mr. and Mrs. P. H.",Contributor/Architect inferred by cataloger,,,,AAf042,,1959,1959,,,,,,,,,,,,,,,
9553,AA,"Ayres & Ayres, Architects records",P.L. Mannen residence.,,323 Bushnell,San Antonio,Bexar,Texas,United States,Texas--San Antonio,Atlee B. Ayres and Robert M. Ayres | architects,,"Mannen, P. L.",,"Watercolor sent to Kilgarlin Fall 2009 paper lab    Dates: September 14, 1926, October 16, 1926.  Wrapper contains caption “Mrs. Robert Ayres from Mary Etta McGimsey”",,,AAf499,,1926,1926,"trace paper
watercolors/pastels",drawings,"architectural/measured
presentation","djc, kap",,Tue Jul 25 00:00:00 CDT 2006,,"E fasteners/rehouse
tape removal",,,,,,2006016,
9554,AA,"Ayres & Ayres, Architects records",P.R. Rutherford ranch house.,,,Pearsall,Frio,Texas,United States,Texas--Pearsall,Ayres and Ayres | architects,,"Rutherford, P. R",Contributor/Architect inferred by cataloger,,,,AAf140,,1969,1969,,,,,,,,,,,,,,,
9555,AA,"Ayres & Ayres, Architects records",P.W. Timberlake residence.,,800 Ivy Lane,San Antonio,Bexar,Texas,United States,Texas--San Antonio,Ayres and Ayres | architects,,"Timberlake, General and Mrs. P. W.",Contributor/Architect inferred by cataloger,,,,AAf052,,1966,1966,,,,,,,,,,,,,,,
9556,AA,"Ayres & Ayres, Architects records",Pan-American Inc. restaurant.,,6500 San Pedro,San Antonio,Bexar,Texas,United States,Texas--San Antonio,Ayres and Ayres | architects,,Pan-American Inc.,Contributor/Architect inferred by cataloger,,,,AAf386,,1968-1970,1968-1970,,,,,,,,,,,,,,,
9557,AA,"Ayres & Ayres, Architects records",Pan-American Inc. restaurant.,,6500 San Pedro,San Antonio,Bexar,Texas,United States,Texas--San Antonio,Ayres and Ayres | architects,,Pan-American Inc.,Contributor/Architect inferred by cataloger,,,,AAf386,,1971-1972,1971-1972,,,,,,,,,,,,,,,
9558,AA,"Ayres & Ayres, Architects records",Parknorth Office Building. Lea office.,,Parknorth Office Building,San Antonio,Bexar,Texas,United States,Texas--San Antonio,Atlee B. Ayres and Robert M. Ayres | architects,,"Lea, R. R., Dr.",,See also Wedgewood professional building AAf404.,,,AAf404.1,,1972,1972,,,,ag,,Tue Oct 24 00:00:00 CDT 2006,,,,,,,,,
9559,AA,"Ayres & Ayres, Architects records",Pedestrian bridge for City of San Antonio.,,,San Antonio,,Texas,,,Ayres and Ayres | architects,,,,"Date: March 24, 1969.",,,AAf227,,1969,1969,"paper
prints (ex. bluelines)",,,hr,,Mon Mar 13 00:00:00 CST 2006,,,,,,,,,
9560,AA,"Ayres & Ayres, Architects records",Pendleton residence,,,San Antonio,Bexar,Texas,United States,Texas--San Antonio,Ayres and Ayres | architects,,Pendleton,Contributor/Architect inferred by cataloger,,,,AAf014,,undated,undated,,,,,,,,,,,,,,,
9561,AA,"Ayres & Ayres, Architects records",Pete Kennedy residence.,,Kennedy Ranch,Alpine,Brewster,Texas,United States,Texas--Alpine,Ayres and Ayres | architects,,"Kennedy, Pete",Contributor/Architect inferred by cataloger,,,,AAf070,,1941-1942,1941-1942,,,,,,,,,,,,,,,
9562,AA,"Ayres & Ayres, Architects records",Petroleum Center. Parking garage. Proposed.,,Navarro at Martin,San Antonio,Bexar,Texas,United States,Texas--San Antonio,Ayres and Ayres | architects,,Petroleum Center,Contributor/Architect inferred by cataloger,,,,AAf392,AAr117-AAr118,1949,1949,,,,,,,,,,,,,,,
9563,AA,"Ayres & Ayres, Architects records",Plaza Hotel. (Hilton Hotel) Annex.,,,San Antonio,Bexar,Texas,United States,Texas--San Antonio,Ayres and Ayres | architects,,Smith Brothers Properties,Contributor/Architect inferred by cataloger,Year questionable: 192?-1927.  See also: Hilton Hotel.,,,AAf206,,1920-1927,1920-1927,,,,,,,,,,,,,,,
9564,AA,"Ayres & Ayres, Architects records",Porter Loring Mortuary. Additions and alterations.,,206 Jefferson St,San Antonio,Bexar,Texas,United States,Texas--San Antonio,Ayres and Ayres | architects,,Porter Loring Mortuary,Contributor/Architect inferred by cataloger,,,,AAf286,,1937,1937,,,,,,,,,,,,,,,
9565,AA,"Ayres & Ayres, Architects records",Vance residence.,,Terrell Hills,San Antonio,Bexar,Texas,United States,Texas--San Antonio,Ayres and Ayres | architects,,"Vance, Preston (Major and Mrs.)",Contributor/Architect inferred by cataloger,,,,AAf112,,1940,1940,,,,,,,,,,,,,,,
9566,AA,"Ayres & Ayres, Architects records","Produce truck sheds (San Antonio, Tex.).",,West of Old Market House,San Antonio,Bexar,Texas,United States,Texas--San Antonio,Ayres and Ayres | architects,,"San Antonio, City of",Contributor/Architect inferred by cataloger,,,,AAf387,AAr113,undated,undated,,,,,,,,,,,,,,,
9567,AA,"Ayres & Ayres, Architects records",Proposed 10 story apartment building.,,West Mistletoe at Belknap Place,San Antonio,,Texas,United States,Texas--San Antonio,Ayres and Ayres | architects,,,,,,,AAf349,AAr081,undated,undated,,,,hr,,Thu Mar 16 00:00:00 CST 2006,,,,,,,,,
9568,AA,"Ayres & Ayres, Architects records",Proposed apartment building.,,Woodlawn at Main,San Antonio,Bexar,Texas,United States,Texas--San Antonio,unidentified | contributor,,,,,,,AAf308,AAr050,undated,undated,,,,hr,,Wed Mar 15 00:00:00 CST 2006,,,,,,,,,
9569,AA,"Ayres & Ayres, Architects records",R.L. White Co. office building.,,Travis St at Soledad St,San Antonio,Bexar,Texas,United States,Texas--San Antonio,Ayres and Ayres | architects,,R. L. White Co.,Contributor/Architect inferred by cataloger,,,,AAf370,AAr098,1964-1965,1964-1965,,,,,,,,,,,,,,,
9570,AA,"Ayres & Ayres, Architects records",[R.L. White Co. parking garage. Proposed.],,"[Houston, Travis, Soledad, Main Sts]",San Antonio,Bexar,Texas,United States,Texas--San Antonio,Ayres and Ayres | architects,,R.L. White Co.,Contributor/Architect inferred by cataloger,,,,AAf389,AAr115,1973,1973,,,,,,,,,,,,,,,
9571,AA,"Ayres & Ayres, Architects records",Randolph Field. Post Exchange.,,,San Antonio,Bexar,Texas,United States,Texas--San Antonio,Ayres and Ayres | architects,,Randolph Field,Contributor/Architect inferred by cataloger,,,,AAf441,AAr167; AAr168,1941,1941,,,,,,,,,,,,,,,
9572,AA,"Ayres & Ayres, Architects records",Refugio County Courthouse.,nd,,Refugio,Refugio,Texas,United States,Texas--Refugio,Atlee B. Ayres | architect,W. E. Simpson Co. | consulting engineers,Refugio County,,"1917 May 31, 1 trace and 13 linens",,,AAf156,,1917,1917,"trace paper
linens","photographic
job files
drawings","architectural/measured
structural",bjd,,Mon Sep 13 00:00:00 CDT 1999,,"E fasteners/rehouse
D humid./flatten",,,,n,y,,
9573,AA,"Ayres & Ayres, Architects records",Robert Ayres beach cottage.,,Fulton Beach,Fulton,Aransas,Texas,United States,Texas--Fulton,Ayres and Ayres | architects,,"Ayres, Robert",Contributor/Architect inferred by cataloger,,,,AAf271,,1961,1961,,,,tv,,Wed Jun 02 00:00:00 CDT 2004,,,,,,,,,
9574,AA,"Ayres & Ayres, Architects records",Robert Ayres residence.,,,,,,United States,,Ayres and Ayres | architects,,"Ayres, Robert",Contributor/Architect inferred by cataloger,,,,AAf273,,undated,undated,,,,tv,,Wed Jun 02 00:00:00 CDT 2004,,,,,,,,,
9575,AA,"Ayres & Ayres, Architects records",Robert D. Goodrich residence.,,Westover Hills,Fort Worth,Tarrant,Texas,United States,Texas--Fort Worth,Ayres and Ayres | architects,,"Goodrich, Robert D.",Contributor/Architect inferred by cataloger,"23, 1",,,AAf099,,1933,1933,,,,tv,,Wed Jun 02 00:00:00 CDT 2004,,,,,,,,,
9576,AA,"Ayres & Ayres, Architects records",Robert D. Goodrich residence.,,Westover Hills,Fort Worth,Tarrant,Texas,United States,Texas--Fort Worth,Ayres and Ayres | architects,,"Goodrich, Robert D.",Contributor/Architect inferred by cataloger,"23, 1",,,AAf099,,1936-1937,1936-1937,,,,tv,,Wed Jun 02 00:00:00 CDT 2004,,,,,,,,,
9577,AA,"Ayres & Ayres, Architects records",Robert M. Ayres residence.,,207 Laurel Heights Place,San Antonio,Bexar,Texas,United States,Texas--San Antonio,Robert M. Ayres,,"Ayres, Robert M.",,"Dates: March 19, 1930, June 18-19, 1930",,,,AAr208,1930,1930,trace paper,drawings,architectural/measured,"djc, kap",,Tue Jul 25 00:00:00 CDT 2006,,"E fasteners/rehouse
VERY fragile, lots of tape",,,,,,2006016,
9578,AA,"Ayres & Ayres, Architects records",Robert M. Ayres residence.,,Callahan Rd.?,San Antonio,Bexar,Texas,United States,Texas--San Antonio,Atlee B. Ayres and Robert M. Ayres | architects,,"Ayres, Robert M.",,"Dates: September 8, 1939, October 18, 1939; sheet of paper reads”material quantities for Robert M. Ayres’ cottage; Fulton Beach”; detail work.",,,,AAr211,1939,1939,"trace paper
paper",drawings,"architectural/measured
preliminary
includes interiors","djc, kap",,Tue Jul 25 00:00:00 CDT 2006,,,,,,,,2006016,
9579,AA,"Ayres & Ayres, Architects records","Robert M. Ayres, Jr. residence (Blackstock). Kitchen renovation.",,"100 Alameda, Olmos Park",San Antonio,Bexar,Texas,United States,Texas--San Antonio,Ayres and Ayres | architects,,"Ayres, Robert M., Jr.",,,,,AAf480,,1973,1973,,,,tv,,Wed Jun 02 00:00:00 CDT 2004,,,,,,,,1998021,
9580,AA,"Ayres & Ayres, Architects records",Robindale Hills and Community Center.,,,Bandera,Bandera,Texas,United States,Texas--Bandera,Ayres and Ayres | architects,,Robindale Hills and Community Center,Contributor/Architect inferred by cataloger,,,,AAf320,AAr055,1945,1945,,,,,,,,,,,,,,,
9581,AA,"Ayres & Ayres, Architects records",Rosa Verde Motor lodge. Proposed.,,Santa Rosa between Houston and Commerce,San Antonio,Bexar,Texas,United States,Texas--San Antonio,Atlee B. Ayres and Robert M. Ayres | architects,,Basila and Haley Enterprises,,,,,AAf426.2,AAr144,1972-1974,1972-1974,,,,tv,,Wed Jun 02 00:00:00 CDT 2004,,,,,,,,,
9582,AA,"Ayres & Ayres, Architects records",Roy Hearne residence,,,San Antonio,Bexar,Texas,United States,Texas--San Antonio,Atlee B. Ayres | architect,,"Hearne, Roy",,,,,AAf018,,1910,1910,ink on linen,,,bjd,,,,,,,,,,,
9583,AA,"Ayres & Ayres, Architects records",Roy Hearne stable.,,,San Antonio,Bexar,Texas,United States,Texas--San Antonio,Atlee B. Ayres | architect,,"Hearne, Roy",,,,,AAf018.1,,1910,1910,ink on linen,,,bjd,,,,,,,,,,,
9584,AA,"Ayres & Ayres, Architects records",Royston Nave Memorial.,,Commercial St,Victoria,Victoria,Texas,United States,Texas--Victoria,Ayres and Ayres | architects,,Royston Nave Memorial,Contributor/Architect inferred by cataloger,"1 rendering sent to Kilgarlin Center PCS Paper Lab 2 students for conservation work 8/03/2007
AA-2 perspective and plan on heavyweight paper with crayon and pencil",,,AAf192,,1932,1932,paper,,presentation,nls,,Fri Aug 03 00:00:00 CDT 2007,,B prof. conservator,,,,,,,
9585,AA,"Ayres & Ayres, Architects records",Ruben Salazar residence.,,,San Antonio,Bexar,Texas,United States,Texas--San Antonio,Ayres and Ayres | architects,,"Salazar, Ruben",Contributor/Architect inferred by cataloger,,,,AAf141,,1973,1973,,,,,,,,,,,,,,,
9586,AA,"Ayres & Ayres, Architects records",S. Halff building.,,Commerce and Market Sts,San Antonio,Bexar,Texas,United States,Texas--San Antonio,Ayres and Ayres | architects,,"Halff, S.",Contributor/Architect inferred by cataloger,,,,AAf184,AAr014,1913,1913,,,,tv,,Wed Jun 02 00:00:00 CDT 2004,,,,,,,,,
9587,AA,"Ayres & Ayres, Architects records",S. Halff building.,,Commerce Street and Market Street.,San Antonio,,Texas,,,Atlee B. Ayres | architect,,"Halff, S.",,Date: 10-16-13,,,AAf184,AAr014,1913,1913,linens,,,hr,,Mon Mar 13 00:00:00 CST 2006,,,,,,,,,
9588,AA,"Ayres & Ayres, Architects records",Thompson residence.,,,Kerrville,Kerr,Texas,United States,Texas--Kerrville,Ayres and Ayres | architects,,"Thompson, Mr. and Mrs. S. E.",Contributor/Architect inferred by cataloger,,,,AAf109,,1930,1930,,,,,,,,,,,,,,,
9589,AA,"Ayres & Ayres, Architects records",S.G. Meloy residence. Addition.,,"222 Geneso, Terrell Hills",San Antonio,Bexar,Texas,United States,Texas--San Antonio,Ayres and Ayres | architects,,"Meloy, S. G., General",Contributor/Architect inferred by cataloger,,,,AAf058.1,,1966,1966,,,,,,,,,,,,,,,
9590,AA,"Ayres & Ayres, Architects records",S.G. Nelson office and warehouse.,,North Colorado and Rivas Sts,San Antonio,Bexar,Texas,United States,Texas--San Antonio,Ayres and Ayres | architects,,"Nelson, S. G.",Contributor/Architect inferred by cataloger,,,,AAf281,AAr032,1951,1951,,,,,,,,,,,,,,,
9591,AA,"Ayres & Ayres, Architects records",S.G. Nelson residence (two story).,,Mockingbird Lane,San Antonio,Bexar,Texas,United States,Texas--San Antonio,Ayres and Ayres | architects,,"Nelson, S. G.",Contributor/Architect inferred by cataloger,,,,AAf053,,1941-1942,1941-1942,pencil on trace,,"architectural/measured
mechanical/plumbing/HVAC",,,,,D humid./flatten,,,,n,,,
9592,AA,"Ayres & Ayres, Architects records",S.G. Nelson residence. Garage and servants quarters.,,Mockingbird Lane,San Antonio,Bexar,Texas,United States,Texas--San Antonio,Ayres and Ayres | architects,,"Nelson, S. G.",Contributor/Architect inferred by cataloger,,,,AAf053,,1942,1942,pencil on trace,,architectural/measured,,,,,D humid./flatten,,,,n,,,
9593,AA,"Ayres & Ayres, Architects records",S.G. Nelson residence. Guest house.,,Mockingbird Lane,San Antonio,Bexar,Texas,United States,Texas--San Antonio,Ayres and Ayres | architects,,"Nelson, S. G.",Contributor/Architect inferred by cataloger,,,,AAf053,,1943,1943,pencil on trace,,architectural/measured,,,,,,,,,undetermined,,,
9594,AA,"Ayres & Ayres, Architects records",S.L. Kone residence. Alterations.,,,San Antonio,Bexar,Texas,United States,Texas--San Antonio,Ayres and Ayres | architects,,"Kone, S. L.",Contributor/Architect inferred by cataloger,,,,AAf018.2,,1958,1958,,,,,,,,,,,,,,,
9595,AA,"Ayres & Ayres, Architects records",S.L. Kone residence. Alterations.,,,San Antonio,Bexar,Texas,United States,Texas--San Antonio,Ayres and Ayres | architects,,"Kone, S. L.",Contributor/Architect inferred by cataloger,,,,AAf018.3,,1963,1963,,,,,,,,,,,,,,,
9596,AA,"Ayres & Ayres, Architects records","Saint Peter's Episcopal Church (Kerrville, Tex.).",,,Kerrville,Kerr,Texas,United States,Texas--Kerrville,Ayres and Ayres | architects,,"Saint Peter's Episcopal Church (Kerrville, Tex.)",Contributor/Architect inferred by cataloger,,,,AAf247,AAr025,1930,1930,,,,,,,,,,,,,,,
9597,AA,"Ayres & Ayres, Architects records",Saint Phillips College swimming pool and foyer. Addition.,,2111 Neveda,San Antonio,Bexar,Texas,United States,Texas--San Antonio,Ayres and Ayres | architects,,Saint Phillips College,Contributor/Architect inferred by cataloger,,,,AAf337,AAr071,1953,1953,,,,,,,,,,,,,,,
9598,AA,"Ayres & Ayres, Architects records","Saint Thomas Episcopal Church (Bexar County, Tex.).",,F. M. 1604,,Bexar,Texas,United States,,Ayres and Ayres | architects,,"Saint Thomas Episcopal Church (Bexar County, Tex.)",Contributor/Architect inferred by cataloger,,,,AAf252,,1967,1967,,,,,,,,,,,,,,,
9599,AA,"Ayres & Ayres, Architects records","Salvation Army building (San Antonio, Tex.).",,4019 Broadway,San Antonio,Bexar,Texas,United States,Texas--San Antonio,Ayres and Ayres | architects,,Salvation Army,Contributor/Architect inferred by cataloger,,,,AAf250,,1948-1950,1948-1950,,,,,,,,,,,,,,,
9600,AA,"Ayres & Ayres, Architects records",Salvation Army Building.,,4001 Broadway,San Antonio,Bexar,Texas,United States,Texas--San Antonio,Ayres and Ayres | architects,,Salvation Army,,"listed in paper finding aid as B-19 under Pagenkopf appraisal 1989014 accession
1 rendering sent to Kilgarlin Center PCS Paper Lab 2 students for conservation work 8/28/2006",,, ," 
",undated,undated,"charcoals
watercolors/pastels
boards",,"design/studies and sketches
presentation",nls,,Wed Aug 23 00:00:00 CDT 2006,,B prof. conservator,,,,,,1989014,
9601,AA,"Ayres & Ayres, Architects records",Sam Roberts residence.,,Mission Hills Subdivision,Kansas City,Johnson,Missouri,United States,Missouri--Kansas City,Ayres and Ayres | architects,,"Roberts, Sam",Contributor/Architect inferred by cataloger,,,,AAf003,,1927-1929,1927-1929,,,,,,,,,,,,,,,
9602,AA,"Ayres & Ayres, Architects records",San Antonio Athletic Club building. Proposed.,,,San Antonio,Bexar,Texas,United States,Texas--San Antonio,Ayres and Ayres | architects,,San Antonio Athletic Club,Contributor/Architect inferred by cataloger,,,,AAf467,,undated,undated,,,,,,,,,,,,,,,
9603,AA,"Ayres & Ayres, Architects records",San Antonio Buick Company shop building (one story).,,Sixth St,San Antonio,Bexar,Texas,United States,Texas--San Antonio,Ayres and Ayres | architects,,San Antonio Buick Company,Contributor/Architect inferred by cataloger,,,,AAf172,,1948-1949,1948-1949,,,,,,,,,,,,,,,
9604,AA,"Ayres & Ayres, Architects records","San Antonio City Blocks 180, 410 and 411.  Plat.",,,San Antonio,,Texas,United States,Texas--San Antonio,River engineers office,,,,,,,,AAr180,undated,undated,,,,hr,,Wed Mar 22 00:00:00 CST 2006,,,,,,,,,
9605,AA,"Ayres & Ayres, Architects records","San Antonio City Blocks 430, 18, lots 5 and 6 plat.",,,San Antonio,,Texas,United States,Texas--San Antonio,Henry Rullman | engineer,,,,,,,,AAr197,undated,undated,linens,,,hr,,Wed Mar 22 00:00:00 CST 2006,,,,,,,,,
9606,AA,"Ayres & Ayres, Architects records",San Antonio Country Club. Basement. Remodeling.,,4100 North New Braunfels,San Antonio,Bexar,Texas,United States,Texas--San Antonio,Atlee B. Ayres | architect,,San Antonio Golf and Country Club,,"Date = June 12, 1915.  Unsure where address came from - address is not noted on the drawings.  This building burned down around 1916, per Paula Allen, San Antonio Express-News.",,,AAf195.1,,1915,1915,linens,,architectural/measured,bjd,,Fri Sep 29 00:00:00 CDT 2000,,,,,,,,,
9607,AA,"Ayres & Ayres, Architects records",San Antonio Daily Light Building.,,Travis St,San Antonio,Bexar,Texas,United States,Texas--San Antonio,Atlee B. Ayres | architect,,San Antonio Daily Light,,,,,AAF217,,1913-1914,1913-1914,linens,,architectural/measured,bjd,,Tue Jul 10 00:00:00 CDT 2001,,"D humid./flatten
E fasteners/rehouse",,,,y,y,,
9608,AA,"Ayres & Ayres, Architects records",San Antonio I.S.D. Herman Hirsch Elementary School.,,4826 Sea Breeze,San Antonio,Bexar,Texas,United States,Texas--San Antonio,Ayres and Ayres | architects,,San Antonio I.S.D.,Contributor/Architect inferred by cataloger,,,,AAf340,AAr075,1959,1959,,,,,,,,,,,,,,,
9609,AA,"Ayres & Ayres, Architects records",San Antonio I.S.D. Thomas Jefferson High School. Additions.,,[723 Donaldson],San Antonio,Bexar,Texas,United States,Texas--San Antonio,Ayres and Ayres | architects,,San Antonio I.S.D.,Contributor/Architect inferred by cataloger,,,,AAf336,"AAr073, AAr073.1",1953,1953,,,,,,,,,,,,,,,
9610,AA,"Ayres & Ayres, Architects records",San Antonio I.S.D. Thomas Jefferson High School. Additions.,,[723 Donaldson],San Antonio,Bexar,Texas,United States,Texas--San Antonio,Ayres and Ayres | architects,,San Antonio I.S.D.,Contributor/Architect inferred by cataloger,,,,AAf336,"AAr073, AAr073.1",1956,1956,,,,,,,,,,,,,,,
9611,AA,"Ayres & Ayres, Architects records",San Antonio I.S.D. Thomas Jefferson High School. Additions.,,[723 Donaldson],San Antonio,Bexar,Texas,United States,Texas--San Antonio,Ayres and Ayres | architects,,San Antonio I.S.D.,Contributor/Architect inferred by cataloger,,,,AAf336,"AAr073, AAr073.1",1963,1963,,,,,,,,,,,,,,,
9612,AA,"Ayres & Ayres, Architects records",San Antonio I.S.D. Thomas Jefferson High School. Additions.,,[723 Donaldson],San Antonio,Bexar,Texas,United States,Texas--San Antonio,Ayres and Ayres | architects,,San Antonio I.S.D.,Contributor/Architect inferred by cataloger,,,,AAf336,"AAr073, AAr073.1",1972-1973,1972-1973,,,,,,,,,,,,,,,
9613,AA,"Ayres & Ayres, Architects records",San Antonio International Airport.,,,San Antonio,Bexar,Texas,United States,Texas--San Antonio,Ayres and Ayres | architects,,,,AAr135,,,AAf418,f135  dr 48d,undated,undated,,,,hr,,Mon Mar 20 00:00:00 CST 2006,,,,,,,,,
9614,AA,"Ayres & Ayres, Architects records",San Antonio International Airport.  Additions and alterations to the terminal building.,,,San Antonio,Bexar,Texas,United States,Texas--San Antonio,Ayres and Ayres | architects,,,,,,,AAf419,AAr136,undated,undated,,,,hr,,Mon Mar 20 00:00:00 CST 2006,,,,,,,,,
9615,AA,"Ayres & Ayres, Architects records",San Antonio International Airport.Terminal,,,San Antonio,Bexar,Texas,United States,Texas--San Antonio,Ayres and Ayres | architects,,San Antonio International Airport,,,,, ,AAr133-AAr134,1945-48,1945-1948,"trace paper
photostats",,,tv,,Wed Jun 02 00:00:00 CDT 2004,,,,,,,,,
9616,AA,"Ayres & Ayres, Architects records",San Antonio International Airport. Airtel. Proposed.,,,San Antonio,Bexar,Texas,United States,Texas--San Antonio,Ayres and Ayres | architects,,San Antonio International Airport,Contributor/Architect inferred by cataloger,exterior perspective and section drawings were in sanctioning modernism exhibit now in tcabinet2022002-02 waiting to be scanned drawer,,,AAf417, ,1962,1962,"photostats
prints (ex. bluelines)",,,nls,,Wed Feb 21 00:00:00 CST 2007,2023-04-21 00:00:00,,,,,,,,
9617,AA,"Ayres & Ayres, Architects records",San Antonio Loan and Trust Company’s Building.,,,San Antonio,Bexar,Texas,,,Ayres and Ayres | architects,Cyrus L. W. Eidlitz,,,"Date: August 10, 1901.",,,AAf150,,1901,1901,"linens
prints (ex. bluelines)",,,hr,,Mon Mar 13 00:00:00 CST 2006,,,,,,,,,
9618,AA,"Ayres & Ayres, Architects records",San Antonio Public Service Board laboratory and shops building.,,Jones Ave,San Antonio,Bexar,Texas,United States,Texas--San Antonio,Ayres and Ayres | architects,,San Antonio Public Service Board,Contributor/Architect inferred by cataloger,,,,AAf239,,1959,1959,,,undetermined,,,,,,,,,,,,
9619,AA,"Ayres & Ayres, Architects records",San Antonio Public Service Co. office building.,,201 North St. Mary's St,San Antonio,Bexar,Texas,United States,Texas--San Antonio,Ayres and Ayres | architects,,San Antonio Public Service Co.,Contributor/Architect inferred by cataloger,,,,AAf170,,1920,1920,,,,,,,,,,,,,,,
9620,AA,"Ayres & Ayres, Architects records",San Antonio Public Service Co. office building.,,201 North St. Mary's St,San Antonio,Bexar,Texas,United States,Texas--San Antonio,Ayres and Ayres | architects,,San Antonio Public Service Co.,Contributor/Architect inferred by cataloger,,,,AAf177.1,,1927,1927,,,,,,,,,,,,,,,
9621,AA,"Ayres & Ayres, Architects records",San Antonio Public Service Co. office building.,,201 North St. Mary's St,San Antonio,Bexar,Texas,United States,Texas--San Antonio,Ayres and Ayres | architects,,San Antonio Public Service Co.,Contributor/Architect inferred by cataloger,,,,AAf177.2,,1930,1930,,,,,,,,,,,,,,,
9622,AA,"Ayres & Ayres, Architects records",San Antonio Public Service Co. office building.,,201 North St. Mary's St,San Antonio,Bexar,Texas,United States,Texas--San Antonio,Ayres and Ayres | architects,,San Antonio Public Service Co.,Contributor/Architect inferred by cataloger,,,,AAf177.3,,1937,1937,,,,,,,,,,,,,,,
9623,AA,"Ayres & Ayres, Architects records",San Antonio Public Service Co. office building.,,201 North St. Mary's Street,San Antonio,Bexar,Texas,United States,Texas--San Antonio,Ayres and Ayres | architects,,San Antonio Public Service Co.,Contributor/Architect inferred by cataloger,,,,AAf177.4,,1942,1942,,,,,,,,,,,,,,,
9624,AA,"Ayres & Ayres, Architects records",San Antonio Public Service Company Office Building.,,201 North St. Mary’s St,San Antonio,Bexar,Texas,United States,Texas--San Antonio,Atlee B. Ayres | architect,,San Antonio Public Service Company,,"Later called the Petroleum Commerce Building. Primary architect note:  626 Bedell Building, San Antonio, TX",,,AAf177,,1920,1920,"ink on linen
pencil on trace","photographic
job files
specifications
drawings","design
structural",,,,,,,,,,,1.979E+23,
9625,AA,"Ayres & Ayres, Architects records",San Antonio Public Service Company Office Building.  Additions,,201 North St. Mary’s St,San Antonio,Bexar,Texas,United States,Texas--San Antonio,Atlee B. Ayres and Robert M. Ayres | architects,W. E. Simpton Company | engineers,San Antonio Public Service Company,,Later called the Petroleum Commerce Building.,,,AAf177.1,,1927,1927,ink on linen,"job files
specifications
drawings","design
structural
mechanical",,,,,,,,,,,1.979E+23,
9626,AA,"Ayres & Ayres, Architects records",San Antonio Public Service Company Office Building.  Basement and first floor show windows. Alterations.,,201 North St. Mary’s St,San Antonio,Bexar,Texas,United States,Texas--San Antonio,Atlee B. Ayres and Robert M. Ayres | architects,,San Antonio Public Service Company,,Later called the Petroleum Commerce Building.,,,AAf177.2,,1930,1930,pencil on trace,"job files
specifications
drawings","design
structural",,,,,,,,,,,1.979E+23,
9627,AA,"Ayres & Ayres, Architects records",San Antonio Public Service Company Office Building.  Basement and first floor show windows. Remodeling,,201 North St. Mary’s St,San Antonio,Bexar,Texas,United States,Texas--San Antonio,Atlee B. Ayres and Robert M. Ayres | architects,,San Antonio Public Service Company,,Later called the Petroleum Commerce Building.,,,AAf177.3,,1937,1937,pencil on trace,"job files
specifications
drawings","design
structural
industrial design",,,,,,,,,,,1.979E+23,
9628,AA,"Ayres & Ayres, Architects records",San Antonio Public Service Company Office Building. First floor. Remodeling.,,201 North St. Mary’s St,San Antonio,Bexar,Texas,United States,Texas--San Antonio,Atlee B. Ayres and Robert M. Ayres | architects,,San Antonio Public Service Company,,"Date is questionable194?  
Later called the Petroleum Commerce Building.",,,AAf177.5,,1940,1940,pencil on trace,undetermined,"design
structural
includes interiors",,,,,,,,,,,1.979E+23,
9629,AA,"Ayres & Ayres, Architects records",San Antonio Public Service Company Office Building. First floor. Remodeling.,,201 North St. Mary’s St,San Antonio,Bexar,Texas,United States,Texas--San Antonio,Atlee B. Ayres and Robert M. Ayres | architects,,San Antonio Public Service Company,,"Later called the Petroleum Commerce Building.  Includes:  sign, check box, doors, cashier’s cage.",,,AAf177.4,,1942,1942,pencil on trace,"job files
specifications
drawings","design
structural
industrial design",,,,,,,,,,,1.979E+11,
9630,AA,"Ayres & Ayres, Architects records",San Antonio Public Service Company Office Building. Miscellaneous.,,201 North St. Mary’s St,San Antonio,Bexar,Texas,United States,Texas--San Antonio,Atlee B. Ayres and Robert M. Ayres | architects,,San Antonio Public Service Company,,"Later called the Petroleum Commerce Building.  These are drawings that could not be attributed to a particular project date.  Includes:  ticket booth, new wall, and 1st floor duct work.",,,AAf177.6,,undated,undated,pencil on trace,undetermined,"design
structural",,,,,,,,,,,1.979E+23,
9631,AA,"Ayres & Ayres, Architects records",San Antonio State Hospital for Mental Tuberculosis Patients. Recieving and treatment buildings.,,,San Antonio,Bexar,Texas,United States,Texas--San Antonio,Ayres and Ayres | architects,Matthews & Kenan | structural engineer; Martin Staley | mechanical engineer; Halsey & Royer | electrical engineer,San Antonio State Hospital for Mental Tuberculosis Patients,,roll AA137 has the tag labeled AA folder 421 attached to the roll - there is no folder,66,,AAf421 ,AAr137,1951-1952,1951-1952,"paper
sepias (use barrier sheets)
photostats
trace paper",drawings,"architectural/measured
structural
mechanical/plumbing/HVAC
electrical
site/landscape ",nls,,Thu Aug 23 00:00:00 CDT 2007,,,,,,,,,
9632,AA,"Ayres & Ayres, Architects records",San Antonio Transit Company Complex. Maintenance shop and service buildings.,,North Flores at Evergreen,San Antonio,Bexar,Texas,United States,Texas--San Antonio,Ayres and Ayres | architects,,San Antonio Transit Company,Contributor/Architect inferred by cataloger,,,,AAf397,AAr124-AAr125,1946-1948,1946-1948,,,,,,,,,,,,,,,
9633,AA,"Ayres & Ayres, Architects records",San Antonio Transit Company Complex. Maintenance shop and service buildings.,,North Flores at Evergreen,San Antonio,Bexar,Texas,United States,Texas--San Antonio,Ayres and Ayres | architects,,San Antonio Transit Company,Contributor/Architect inferred by cataloger,,,,AAf397,AAr124-AAr125,1965-1966,1965-1966,,,,,,,,,,,,,,,
9634,AA,"Ayres & Ayres, Architects records","San Antonio Water Board warehouse, shops and storage.",,Nevada at South Walnut Sts,San Antonio,Bexar,Texas,United States,Texas--San Antonio,Ayres and Ayres | architects,,San Antonio Water Board,Contributor/Architect inferred by cataloger,,,,AAf398,AAr126,1948-1949,1948-1949,,,,,,,,,,,,,,,
9635,AA,"Ayres & Ayres, Architects records","San Antonio Water Board warehouse, shops and storage.",,Nevada at South Walnut Sts,San Antonio,Bexar,Texas,United States,Texas--San Antonio,Ayres and Ayres | architects,,San Antonio Water Board,Contributor/Architect inferred by cataloger,,,,AAf398,AAr126,1954,1954,,,,,,,,,,,,,,,
9636,AA,"Ayres & Ayres, Architects records",San Antonio Zoological Society Aquarium.,,,San Antonio,Bexar,Texas,United States,Texas--San Antonio,Ayres and Ayres | architects,,San Antonio Zoological Society,Contributor/Architect inferred by cataloger,,,,AAf191,,1946-1947,1946-1947,,,,,,,,,,,,,,,
9637,AA,"Ayres & Ayres, Architects records",San Francisco Theatre Guild,,Geary Street,San Francisco,,California,,,Ayres and Ayres | architects,Rob Morris,,,Date: 12/8/54.,2,,AAf437.1,,1954,1954,prints (ex. bluelines),,,hr,,Mon Mar 13 00:00:00 CST 2006,,,,,,,,,
9638,AA,"Ayres & Ayres, Architects records",San Pedro Arms.,,2103 San Pedro,San Antonio,Bexar,Texas,United States,Texas--San Antonio,Ayres and Ayres | architects,,San Pedro Arms,Contributor/Architect inferred by cataloger,,,,AAf201,,1953-1954,1953-1954,,,,,,,,,,,,,,,
9639,AA,"Ayres & Ayres, Architects records","San Pedro Park Library (San Antonio, Tex.).",,San Pedro Park,San Antonio,Bexar,Texas,United States,Texas--San Antonio,Ayres and Ayres | architects,,"San Pedro Park Library (San Antonio, Tex.)",Contributor/Architect inferred by cataloger,,,,AAf198,,1929-1930,1929-1930,,,,,,,,,,,,,,,
9640,AA,"Ayres & Ayres, Architects records",San Pedro Pool. Suggested design.,,San Pedro Park,San Antonio,Bexar,Texas,United States,Texas--San Antonio,Ayres and Ayres | architects,,San Pedro Pool,Contributor/Architect inferred by cataloger,,,,AAf315,,1940,1940,,,,,,,,,,,,,,,
9641,AA,"Ayres & Ayres, Architects records",San Pedro Rental Housing Project. Proposed.,,San Pedro at Dewey Place and Locust St,San Antonio,Bexar,Texas,United States,Texas--San Antonio,Ayres and Ayres | architects,,San Pedro Rental Housing Project,Contributor/Architect inferred by cataloger,,,,AAf353,AAr082,1948,1948,,,,,,,,,,,,,,,
9642,AA,"Ayres & Ayres, Architects records",Santa Rosa Infirmary. Additions and alterations.,,519 West Houston St,San Antonio,Bexar,Texas,United States,Texas--San Antonio,Ayres and Ayres | architects,,Sisters of Charity of the Incarnate Word,Contributor/Architect inferred by cataloger,,,,AAf243,AAr024,1920-1921,1920-1921,,,,,,,,,,,,,,,
9643,AA,"Ayres & Ayres, Architects records",Santa Rosa Infirmary. Additions and alterations.,,519 West Houston St,San Antonio,Bexar,Texas,United States,Texas--San Antonio,Ayres and Ayres | architects,,Sisters of Charity of the Incarnate Word,Contributor/Architect inferred by cataloger,,,,AAf243,AAr024,1927,1927,,,,,,,,,,,,,,,
9644,AA,"Ayres & Ayres, Architects records",Savoy Hotel.,,Houston St,San Antonio,Bexar,Texas,United States,Texas--San Antonio,Ayres and Ayres | architects,,Savoy Hotel,Contributor/Architect inferred by cataloger,,,,AAf175,,1914,1914,,,,,,,,,,,,,,,
9645,AA,"Ayres & Ayres, Architects records",Schultz Mercantile Company store building. Additions and alterations.,,,Falls City,Karnes,Texas,United States,Texas--Falls City,Ayres and Ayres | architects,,Schultz Mercantile Company,Contributor/Architect inferred by cataloger,,,,AAf186,,1924,1924,,,,,,,,,,,,,,,
9646,AA,"Ayres & Ayres, Architects records",Scobey Cold Storage Company building.,,[Medina Street],San Antonio,Bexar,Texas,United States,Texas--San Antonio,Ayres and Ayres | architects,,Scobey Cold Storage Company,Contributor/Architect inferred by cataloger,,,,AAf277,AAr028,1929,1929,,,,,,,,,,,,,,,
9647,AA,"Ayres & Ayres, Architects records",Scobey Cold Storage Company building.,,[Medina Street],San Antonio,Bexar,Texas,United States,Texas--San Antonio,Ayres and Ayres | architects,,Scobey Cold Storage Company,Contributor/Architect inferred by cataloger,,,,AAf277.1,AAr028,1931,1931,,,,,,,,,,,,,,,
9648,AA,"Ayres & Ayres, Architects records",Scobey Cold Storage Company building.,,[Medina Street],San Antonio,Bexar,Texas,United States,Texas--San Antonio,Ayres and Ayres | architects,,Scobey Cold Storage Company,Contributor/Architect inferred by cataloger,,,,AAf277.2,AAr028,1948-1949,1948-1949,,,,,,,,,,,,,,,
9649,AA,"Ayres & Ayres, Architects records",Scobey Cold Storage Company building.,,[Medina Street],San Antonio,Bexar,Texas,United States,Texas--San Antonio,Ayres and Ayres | architects,,Scobey Cold Storage Company,Contributor/Architect inferred by cataloger,,,,AAf277.3,AAr028,1950,1950,,,,,,,,,,,,,,,
9650,AA,"Ayres & Ayres, Architects records",Scobey Cold Storage Company building.,,[Medina Street],San Antonio,Bexar,Texas,United States,Texas--San Antonio,Ayres and Ayres | architects,,Scobey Cold Storage Company,Contributor/Architect inferred by cataloger,,,,AAf277.4,AAr028,1969,1969,,,,,,,,,,,,,,,
9651,AA,"Ayres & Ayres, Architects records",Sidney Lanier High School. Annex and gymnasium,,San Luis St,San Antonio,Bexar,Texas,United States,Texas--San Antonio,Ayres and Ayres | architects,,Sidney Lanier High School,Contributor/Architect inferred by cataloger,,,,AAf339.1,AAr074,1950,1950,,,,,,,,,,,,,,,
9652,AA,"Ayres & Ayres, Architects records",Sidney Lanier High School. Annex and gymnasium.,,San Luis St,San Antonio,Bexar,Texas,United States,Texas--San Antonio,Ayres and Ayres | architects,,Sidney Lanier High School,Contributor/Architect inferred by cataloger,,,,AAf339,AAr074,1948,1948,,,,,,,,,,,,,,,
9653,AA,"Ayres & Ayres, Architects records",Singer Ranch headquarters residence.,,,,McMullen,Texas,United States,,Ayres and Ayres | architects,,Singer Ranch,Contributor/Architect inferred by cataloger,,,,AAf082,,1967-1968,1967-1968,,,,,,,,,,,,,,,
9654,AA,"Ayres & Ayres, Architects records",Singer Ranch. Ranch foreman’s house at headquarters residence.,,,,McMullen,Texas,,,Ayres and Ayres | architects,,,,"See Singer Ranch (folder 82). Date: Aug. 5, 1968, Aug. 13, 1968, Nov. 22, 1968.",,,AAf094,,1968,1968,"paper
prints (ex. bluelines)",,,hr,,Mon Mar 13 00:00:00 CST 2006,,,,,,,,,
9655,AA,"Ayres & Ayres, Architects records",Sketches for proposed apartment.,,Allensworth at Catalpa,San Antonio,Bexar,Texas,United States,Texas--San Antonio,Ayres and Ayres | architects,,San Pedro Rental Housing Project,,,,,AAf354,AAr083,undated,undated,,,,hr,,Thu Mar 16 00:00:00 CST 2006,,,,,,,,,
9656,AA,"Ayres & Ayres, Architects records",Small Spanish residence.,,,,,,,,Ayres and Ayres | architects,,,,"listed in paper finding aid as SH-3 under Pagenkopf appraisal 1989014 accession
1 rendering sent to Kilgarlin Center PCS Paper Lab 2 students for conservation work 8/28/2006",,, ," 
",undated,undated,boards,,"design/studies and sketches
presentation",nls,,Wed Aug 23 00:00:00 CDT 2006,,B prof. conservator,,,,,,1989014,
9657,AA,"Ayres & Ayres, Architects records",Smith Bros. Development Hotel.,,,San Antonio,,Texas,,,Ayres and Ayres | architects,,,,"See blueprints (blueprint folder 30)  See Annex to Plaza Hotel Building (folder 206)  Date: Feb. 15, 1926, May 15, 1926, July 23, 1926. See folder 312 for 1950’s Remodeling.",,,AAf216,,1926,1926,"paper
prints (ex. bluelines)
linens",,,hr,,Mon Mar 13 00:00:00 CST 2006,,"Sheets 12,15,18 and 19 are badly torn.",,,,,,,
9658,AA,"Ayres & Ayres, Architects records",Smith Brothers Development Co. store building.,,Villita St at Garden St,San Antonio,Bexar,Texas,United States,Texas--San Antonio,Ayres and Ayres | architects,,Smith Brothers Development Co.,Contributor/Architect inferred by cataloger,13 sheets?,,,AAf188,,1926,1926,,,,,,,,,,,,,,,
9659,AA,"Ayres & Ayres, Architects records","Smith Brothers Properties, Inc. store and office building (Smith - Young Tower - transit tower).",,310 St. Mary's,San Antonio,Bexar,Texas,United States,Texas--San Antonio,Atlee B. Ayres and Robert M. Ayres | architects,Lloyd D. Royer | consulting mechanical engineer,"Smith Brothers Properties, Inc.",,,,,AAf443,"AAr170.01;
AAr170.02
-AAr171",1928-1930,1928-1930,,,,,,,,,,,,,,,
9660,AA,"Ayres & Ayres, Architects records","Smith Brothers Properties, Inc. store and office building (Smith - Young Tower - transit tower). Parking garage.",,310 St. Mary's,San Antonio,Bexar,Texas,United States,Texas--San Antonio,Atlee B. Ayres and Robert M. Ayres | architects,W. E. Simpson Co. | associate architect and engineers; Floyd A. Covington Co. | electrical engineers,"Smith Brothers Properties, Inc.",,,,,AAf443,,1955,1955,,,,,,,,,,,,,,,
9661,AA,"Ayres & Ayres, Architects records",Smith Brothers Properties. Federal Reserve Bank Building. Proposed Site plat of survey.,,,San Antonio,Bexar,Texas,United States,Texas--San Antonio,Walton and Arneson | engineers,,Smith Brothers Properties.,,,,,,AAr183,undated,undated,,,,hr,,Wed Mar 22 00:00:00 CST 2006,,,,,,,,,
9662,AA,"Ayres & Ayres, Architects records",Smith Brothers Properties. Topographic plats of city blocks 118 and 986.,,,San Antonio,Bexar,Texas,United States,Texas--San Antonio,unidentified | contributor,,Smith Brothers Properties.,,,,,,AAr184-AAr184b,undated,undated,,,,hr,,Wed Mar 22 00:00:00 CST 2006,,,,,,,,,
9663,AA,"Ayres & Ayres, Architects records",South Texas Building (Wenger Building). Remodeling.,,603 Navarro,San Antonio,Bexar,Texas,United States,Texas--San Antonio,Ayres and Ayres | architects,,Ann Lewis Shops.,Contributor/Architect inferred by cataloger,,,,AAf383,AAr111,1947,1947,,,,,,,,,,,,,,,
9664,AA,"Ayres & Ayres, Architects records",South Texas Building (Wenger Building). Sommers Drug Store. No. 1.,,603 Navarro,San Antonio,,Texas,,,Ayres and Ayres | architects,,,,"Date: june 3, 1947, 9-16-47.",,,AAf399,,1947,1947,prints (ex. bluelines),,,hr,,Mon Mar 13 00:00:00 CST 2006,,,,,,,,,
9665,AA,"Ayres & Ayres, Architects records",Southwest Research Institute.  Mechanical Science Building. Proposed remodeling.,,8500 Culebra Rd,San Antonio,Bexar,Texas,United States,Texas--San Antonio,Atlee B. Ayres and Robert M. Ayres | architects,,Southwest Research Institute,,,,,AAf408,,1967,1967,,,,,,,,,,,,,,,
9666,AA,"Ayres & Ayres, Architects records",Southwest Research Institute.  Mechanical Science Building. Addition.,,8500 Culebra Rd,San Antonio,Bexar,Texas,United States,Texas--San Antonio,Atlee B. Ayres and Robert M. Ayres | architects,,Southwest Research Institute,,,,,AAf408.1,,1970,1970,,,,,,,,,,,,,,,
9667,AA,"Ayres & Ayres, Architects records",Southwest Research Institute.  Mechanical Sciences Building. Proposed.,,8500 Culebra Rd,San Antonio,Bexar,Texas,United States,Texas--San Antonio,Atlee B. Ayres and Robert M. Ayres | architects,,Southwest Research Institute,,,,,AAf410,AAr128,1972-1975,1972-1975,,,,,,,,,,,,,,,
9668,AA,"Ayres & Ayres, Architects records",Southwest Research Institute. Miscellaneous maps and surveys.,,Culebra Rd,San Antonio,Bexar,Texas,United States,Texas--San Antonio,unidentified | contributor,,Southwest Research Institute,,,,,AAf414,AAr132,"1961, 1964","1961, 1964",,,site/landscape ,,,,,,,,,,,,
9669,AA,"Ayres & Ayres, Architects records",Southwest Research Institute. Proposed.,,Culebra Rd,San Antonio,Bexar,Texas,United States,Texas--San Antonio,Atlee B. Ayres and Robert M. Ayres | architects,,Southwest Research Institute,,,,,AAf406,,1963,1963,,,,,,,,,,,,,,,
9670,AA,"Ayres & Ayres, Architects records",Southwest Research Institute. Office building 138. Parking plan.,,Culebra Rd,San Antonio,Bexar,Texas,United States,Texas--San Antonio,Atlee B. Ayres and Robert M. Ayres | architects,,Southwest Research Institute,,,,,AAf407,,1977,1977,,,,,,,,,,,,,,,
9671,AA,"Ayres & Ayres, Architects records",Southwest Research Institute. Service center building.,,Culebra Rd,San Antonio,Bexar,Texas,United States,Texas--San Antonio,Atlee B. Ayres and Robert M. Ayres | architects,,Southwest Research Institute,,,,,AAf413,AAr131,1970-1971,1970-1971,,,,,,,,,,,,,,,
9672,AA,"Ayres & Ayres, Architects records",Southwest Research Institute. Building 68 Electronic Assembly Facility. Addition.,,Culebra Rd,San Antonio,Bexar,Texas,United States,Texas--San Antonio,Atlee B. Ayres and Robert M. Ayres | architects,,Southwest Research Institute,,Address provided by cataloger.,,,AAf411,AAr129,1975,1975,,,,,,,,,,,,,,,
9673,AA,"Ayres & Ayres, Architects records",Southwestern Insane Asylum. Receiving Ward.,,,San Antonio,Bexar,Texas,United States,Texas--San Antonio,Ayres and Ayres | architects,,Southwestern Insane Asylum,Contributor/Architect inferred by cataloger,name written on back of drawing,7,,AAf242,,11/13/11,1911-11-13,linens,drawings,architectural/measured,nls,,Thu Aug 23 00:00:00 CDT 2007,,,,,,,,,
9674,AA,"Ayres & Ayres, Architects records",Spencer A. Rowland residence. Additions and alterations.,,222 Royal Oaks,San Antonio,Bexar,Texas,United States,Texas--San Antonio,Ayres and Ayres | architects,,"Rowland, Spencer A., Dr.",Contributor/Architect inferred by cataloger,,,,AAf078,,1971-1973,1971-1973,,,,,,,,,,,,,,,
9675,AA,"Ayres & Ayres, Architects records",Spires Buick Company building.,,501 Broadway,San Antonio,Bexar,Texas,United States,Texas--San Antonio,Ayres and Ayres | architects,,Spires Buick Company,Contributor/Architect inferred by cataloger,,,,AAf170,,1926,1926,,,,,,,,,,,,,,,
9676,AA,"Ayres & Ayres, Architects records",Spires Buick Company building.,,501 Broadway,San Antonio,Bexar,Texas,United States,Texas--San Antonio,Ayres and Ayres | architects,,Spires Buick Company,Contributor/Architect inferred by cataloger,,,,AAf170.1,,1961,1961,,,,,,,,,,,,,,,
9677,AA,"Ayres & Ayres, Architects records",Spires Buick Company building.,,501 Broadway,San Antonio,Bexar,Texas,United States,Texas--San Antonio,Ayres and Ayres | architects,,Spires Buick Company,Contributor/Architect inferred by cataloger,,,,AAf170.2,,1972-1973,1972-1973,,,,,,,,,,,,,,,
9678,AA,"Ayres & Ayres, Architects records",Sr. Don Francisco G. Sada residence.,,,Monterey,,Nuevo León,Mexico,Mexico--Monterey,Ayres and Ayres | architects,,"Sada, Sr. Don Francisco G.",Contributor/Architect inferred by cataloger,,,,AAf117,,1928-1929,1928-1929,,,,,,,,,,,,,,,
9679,AA,"Ayres & Ayres, Architects records",St. Anthony Hotel.,,300 East Travis,San Antonio,Bexar,Texas,United States,Texas--San Antonio,Ayres and Ayres | architects,,St. Anthony Hotel,Contributor/Architect inferred by cataloger,Largest size = 61 x 79 cm.,,,AAf296.1,,1930 06 20,1930-06-20,pencil on paper,,,,,,,B,,,,,,,
9680,AA,"Ayres & Ayres, Architects records",St. Anthony Hotel.,,300 East Travis,San Antonio,Bexar,Texas,United States,Texas--San Antonio,Fred S. Jones,W.E. Simpson and Co. | consulting engineers,St. Anthony Hotel,,,,,AAf296.5,,1940 07,1940-07,"blueprints, pencil on paper",,structural,,,,,"A, except for pencil = D",,,,,,,
9681,AA,"Ayres & Ayres, Architects records",St. Anthony Hotel. Alterations and additions.,430,300 East Travis,San Antonio,Bexar,Texas,United States,Texas--San Antonio,John M. Marriott | architect,Atlee B. and Robert M. Ayres | consulting architects,Pan-American Hotel Co.,,largest size= 64 x 95 cm.,,,AAf296.4,,1935,1935,ink on linen,,,,,,,D,,,,,,,
9682,AA,"Ayres & Ayres, Architects records",St. Anthony Hotel. Alterations.,,300 East Travis,San Antonio,Bexar,Texas,United States,Texas--San Antonio,Ayres and Ayres | architects,,St. Anthony Hotel,Contributor/Architect inferred by cataloger,largest size = 76 x 106 cm.,,,AAf296.9,,1964,1964,pencil on paper,,,,,,,"all A, except 1 D",,,,,,,
9683,AA,"Ayres & Ayres, Architects records",St. Anthony Hotel. Alterations.,,300 East Travis,San Antonio,Bexar,Texas,United States,Texas--San Antonio,Ayres and Ayres | architects,,St. Anthony Hotel,Contributor/Architect inferred by cataloger,"largest size = 80 x 107 cm.
33 pencil on paper, 4 sepia prints, 5 blackline prints.",,,AAf296.8,,1959-1960,1959-1960,"pencil on paper, sepia prints, blackline prints",,,,,,,A,,,,,,,
9684,AA,"Ayres & Ayres, Architects records",St. Anthony Hotel. Ballroom. Remodeling.,,300 East Travis,San Antonio,Bexar,Texas,United States,Texas--San Antonio,Ayres and Ayres | architects,,St. Anthony Hotel,Contributor/Architect inferred by cataloger,"56 x 86 cm
57 x 85 cm",,,AAf296.2,,1932 07 14,1932-07-14,pencil on paper,,technical,,,,,D,,,,,,,
9685,AA,"Ayres & Ayres, Architects records",St. Anthony Hotel. Garage. Alterations. Proposed.,,300 East Travis,San Antonio,Bexar,Texas,United States,Texas--San Antonio,Ayres and Ayres | architects,,St. Anthony Hotel,Contributor/Architect inferred by cataloger,Largest size = 36 x 51 cm.,,,AAf296.7,,1956 04 20,1956-04-20,pencil on paper,,,,,,,A,,,,,,,
9686,AA,"Ayres & Ayres, Architects records",St. Anthony Hotel. Layout for Sommers Drug Store and lease.,,300 East Travis,San Antonio,Bexar,Texas,United States,Texas--San Antonio,Ayres and Ayres | architects,,St. Anthony Hotel,Contributor/Architect inferred by cataloger,Largest size = 37 x 41 cm.,,,AAf296,,1929 07 05,1929-07-05,pencil on paper,,,,,,,A,,,,,,,
9687,AA,"Ayres & Ayres, Architects records",St. Anthony Hotel. Navarro Street entrance. Alterations.,,300 East Travis,San Antonio,Bexar,Texas,United States,Texas--San Antonio,Ayres and Ayres | architects,,St. Anthony Hotel,Contributor/Architect inferred by cataloger,Largest size:  47 x 45 cm.,,,AAf296.3,,1933 04-05,1933-04-05,pencil on paper,,technical,,,,,B,,,,,,,
9688,AA,"Ayres & Ayres, Architects records",St. Anthony Hotel. Navarro Street entrance. Alterations.,,300 East Travis,San Antonio,Bexar,Texas,United States,Texas--San Antonio,Ayres and Ayres | architects,,Pan-American Hotel Co.,Contributor/Architect inferred by cataloger,51 x 73 cm,,,AAf296.6,,1952,1952,pencil on paper,,,,,,,A,,,,,,,
9689,AA,"Ayres & Ayres, Architects records",St. Anthony Hotel. Peraux room. Alterations.,5911,300 East Travis,San Antonio,Bexar,Texas,United States,Texas--San Antonio,Ayres and Ayres | architects,,St. Anthony Hotel,Contributor/Architect inferred by cataloger,Sheet 1 of 2.,,,AAf296.8,,1960 01 11,1960-01-11,pencil on trace,,,,,,,A,,,,,,,
9690,AA,"Ayres & Ayres, Architects records","St. George's Episcopal Church (San Antonio, Tex.). Parish hall",,West Avenue and East Castle Lane,San Antonio,Bexar,Texas,United States,Texas--San Antonio,Ayres and Ayres | architects,,"St. George's Episcopal Church (San Antonio, Tex.)",Contributor/Architect inferred by cataloger,,,,AAf246,,1956,1956,,,,,,,,,,,,,,,
9691,AA,"Ayres & Ayres, Architects records",St. Mary's Hall dormitory.,,117 East French Place,San Antonio,Bexar,Texas,United States,Texas--San Antonio,Ayres and Ayres | architects,,St. Mary's Hall,Contributor/Architect inferred by cataloger,,,,AAf245,,1958,1958,,,,,,,,,,,,,,,
9692,AA,"Ayres & Ayres, Architects records","State National Bank Building (Brownsville, Tex.).",,Elizabeth and 12th Street,Brownsville,Cameron,Texas,United States,Texas--Brownsville,Ayres and Ayres | architects,,"State National Bank (Brownsville, Tex.)",Contributor/Architect inferred by cataloger,,,,AAf173,,1924,1924,,,,,,,,,,,,,,,
9693,AA,"Ayres & Ayres, Architects records",State office building (Sam Houston State Office Building).,1014,Southwest corner of San Jacinto and 14th Streets,Austin,Travis,Texas,United States,Texas--Austin,Ayres and Ayres | architects,,State of Texas,,"See vertical files for correspondance and other material. Currently referred to as: the Sam Houston State Office Building. Date: Feb. 10, 1956, April 1956, November 1956.",,,AAf423,AAr139-AAr142,1956,1956,"blueprint on paper
paper
prints (ex. bluelines)",,,hr,,Mon Mar 13 00:00:00 CST 2006,,,,,,,,,
9694,AA,"Ayres & Ayres, Architects records",Straus-Frank Company Building. Office and warehouse building.,,[Coliseum Dr],San Antonio,Bexar,Texas,United States,Texas--San Antonio,Ayres and Ayres | architects,,Straus-Frank Company,Contributor/Architect inferred by cataloger,,,,AAf241,,1953-1954,1953-1954,,,,,,,,,,,,,,,
9695,AA,"Ayres & Ayres, Architects records","Student art work, certificates and photographic prints (see finding aid).",,,,,,,,Atlee B. Ayres | architect,,,,,,,AAf504,,undated,undated,,,,kp,,Tue Sep 05 00:00:00 CDT 2006,,,,,,,,,
9696,AA,"Ayres & Ayres, Architects records",Randolph Field. Student Operations Building.,,,San Antonio,,Texas,,,Ayres and Ayres | architects,,Randolph Air Force Base; United States Air Force,,,,,AAf442,AAr169,1900,1900,sepias (use barrier sheets),,site/landscape ,hr/nls,,Mon Mar 13 00:00:00 CST 2006,Sun Sep 24 00:00:00 CDT 2017,,,,,,,,
9697,AA,"Ayres & Ayres, Architects records",Suburban bank.,,,,,Texas,United States,,Ayres and Ayres | architects,,,,,,,AAf465,,1900,1900,"watercolors/pastels
boards",,presentation,hr,,Fri Mar 10 00:00:00 CST 2006,,,,,,,,,
9698,AA,"Ayres & Ayres, Architects records",Sugarman Realty Co. store building.,,corner of Houston and Flores Sts,San Antonio,Bexar,Texas,United States,Texas--San Antonio,Ayres and Ayres | architects,,Sugarman Realty Co.,Contributor/Architect inferred by cataloger,,,,AAf208,,1916,1916,,,,,,,,,,,,,,,
9699,AA,"Ayres & Ayres, Architects records",Sugarman’s Store. Second Floor Addition.,,corner of Houston Street and Flores Street,,,,,,Ayres and Ayres | architects,,,,See original plans (folder 208).,,,AAf208.1,,1900,1900,"paper
prints (ex. bluelines)",,,hr,,Mon Mar 13 00:00:00 CST 2006,,,,,,,,,
9700,AA,"Ayres & Ayres, Architects records","Sullivan Bank Building (San Antonio, Tex.). Addition and remodeling.",,Commerce at St. Mary's,San Antonio,Bexar,Texas,United States,Texas--San Antonio,Ayres and Ayres | architects,,"Sullivan Bank (San Antonio, Tex.)",Contributor/Architect inferred by cataloger,"4,32",,,AAf215,AAr019-AAr020,undated,undated,,,,,,,,,,,,,,,
9701,AA,"Ayres & Ayres, Architects records",Surcamp residence and carriage house.,,Summit Place,San Antonio,Bexar,Texas,United States,Texas--San Antonio,Ayres and Ayres | architects,,Surcamp,Contributor/Architect inferred by cataloger,,,,AAf022,,1907,1907,,,,,,,,,,,,,,,
9702,AA,"Ayres & Ayres, Architects records",Swearington residence. Alterations.,,260 Genesco Road,Terrell,,Texas,,,Ayres and Ayres | architects,,,,See original plans (folder 42).,,,AAf042.1,,1900,1900,paper,,,hr,,Mon Mar 13 00:00:00 CST 2006,,,,,,,,,
9703,AA,"Ayres & Ayres, Architects records",T.E. Burns building.,,510 East Houston St,San Antonio,Bexar,Texas,United States,Texas--San Antonio,Ayres and Ayres | architects,,"Burns, T. E.",Contributor/Architect inferred by cataloger,,,,AAf169,,1914,1914,,,,tv,,Wed Jun 02 00:00:00 CDT 2004,,,,,,,,,
9704,AA,"Ayres & Ayres, Architects records",T.P. Bernard residence.,,"Geneso Rd., Terrell Hills",San Antonio,Bexar,Texas,United States,Texas--San Antonio,Ayres and Ayres | architects,,"Bernard, T. P.",Contributor/Architect inferred by cataloger,,,,AAf069,,1939,1939,,,,tv,,Wed Jun 02 00:00:00 CDT 2004,,,,,,,,,
9705,AA,"Ayres & Ayres, Architects records",Terrel Hills Plat.,,,San Antonio,,Texas,United States,Texas--San Antonio,Hare and Hare | landscape architects,,,,735.5 Acres,,,,AAr178,undated,undated,,,,hr,,Wed Mar 22 00:00:00 CST 2006,,,,,,,,,
9706,AA,"Ayres & Ayres, Architects records","Terrell Hills Development Company houses ""A"" and ""B"".",,Terrell Hills,San Antonio,Bexar,Texas,United States,Texas--San Antonio,Ayres and Ayres | architects,,Terrell Hills Development Company,Contributor/Architect inferred by cataloger,,,,AAf270 AAf270.1,AAr027,1936,1936,,,,,,,,,,,,,,,
9707,AA,"Ayres & Ayres, Architects records",Texas Building. Remodeling.,,,Corpus Christi,Nueces,Texas,United States,Texas--Corpus Christi,Ayres and Ayres | architects,,Texas Building,Contributor/Architect inferred by cataloger,,,,AAf384,AAr112,1948,1948,,,,,,,,,,,,,,,
9708,AA,"Ayres & Ayres, Architects records",Texas Lutheran College. Classroom building.,,,Seguin,Guadalupe,Texas,United States,Texas--Seguin,Ayres and Ayres | architects,,Texas Lutheran College,Contributor/Architect inferred by cataloger,,,,AAf254,,1947,1947,,,,,,,,,,,,,,,
9709,AA,"Ayres & Ayres, Architects records",Texas Lutheran College. Girl's Dormitory Building.,,,Seguin,Guadalupe,Texas,United States,Texas--Seguin,Ayres and Ayres | architects,,Texas Lutheran College,Contributor/Architect inferred by cataloger,,,,AAf256,AAr026,1948-1950,1948-1950,,,,,,,,,,,,,,,
9710,AA,"Ayres & Ayres, Architects records",Texas Lutheran College. Library and Instruction Building.,,,Seguin,Guadalupe,Texas,United States,Texas--Seguin,Ayres and Ayres | architects,,Texas Lutheran College,Contributor/Architect inferred by cataloger,,,,AAf253,,1947,1947,,,,,,,,,,,,,,,
9711,AA,"Ayres & Ayres, Architects records",Texas Lutheran College. Physical Education Building.,,,Seguin,Guadalupe,Texas,United States,Texas--Seguin,Ayres and Ayres | architects,,Texas Lutheran College,Contributor/Architect inferred by cataloger,,,,AAf257,,1951,1951,,,,,,,,,,,,,,,
9712,AA,"Ayres & Ayres, Architects records",Texas Lutheran College. Weeber Hall. Addition and alterations.,,,Seguin,Guadalupe,Texas,United States,Texas--Seguin,Ayres and Ayres | architects,,Texas Lutheran College,Contributor/Architect inferred by cataloger,,,,AAf255,,1947,1947,,,,,,,,,,,,,,,
9713,AA,"Ayres & Ayres, Architects records",Texas State Capitol Building. Remodeling.,,,Austin,Travis,Texas,United States,Texas--Austin,Ayres and Ayres | architects,,State of Texas,Contributor/Architect inferred by cataloger,,,,AAf503,"AAr172;
AAr173;
AAr174",1915-1916,1915-1916,,,,,,,,,,,,,,,
9714,AA,"Ayres & Ayres, Architects records",Texas State Land Office Building.,,201 East 11th St,Austin,Travis,Texas,United States,Texas--Austin,Ayres and Ayres | architects,,State of Texas,Contributor/Architect inferred by cataloger,,,,AAf289,AAr036-AAr040,1916-1917,1916-1917,,,,,,,,,,,,,,,
9715,AA,"Ayres & Ayres, Architects records",Texas State School for the Blind Complex.,,1100 West 45th St,Austin,Travis,Texas,United States,Texas--Austin,Ayres and Ayres | architects,,State of Texas,Contributor/Architect inferred by cataloger,,,,AAf249,,1916-1917,1916-1917,,,,,,,,,,,,,,,
9716,AA,"Ayres & Ayres, Architects records",Thomas E. Hogg residence.,,202 Bushnell,San Antonio,Bexar,Texas,United States,Texas--San Antonio,Ayres and Ayres | architects,,"Hogg, Thomas E.",Contributor/Architect inferred by cataloger,see aslo conservation drawer 3B,,,AAf084,AAr008,1923,1923,,,,,,,,"See separate treatment report by Lockshin, 5/2000.
",,,y,y,y,,
9717,AA,"Ayres & Ayres, Architects records",Thomas Hogan Jr. residence.,,250 Geneseo St,San Antonio,Bexar,Texas,United States,Texas--San Antonio,Ayres and Ayres | architects,,"Hogan, Thomas, Jr.",Contributor/Architect inferred by cataloger,,,,AAf119,,1973-1974,1973-1974,,,,,,,,,,,,,,,
9718,AA,"Ayres & Ayres, Architects records",Tobin Building. Additions and alterations.,,,San Antonio,Bexar,Texas,United States,Texas--San Antonio,Ayres and Ayres | architects,,Tobin,Contributor/Architect inferred by cataloger,,,,AAf372,AAr100,undated,undated,,,,,,,,,,,,,,,
9719,AA,"Ayres & Ayres, Architects records",Tom L. Powell office building.,,McCullough Ave,San Antonio,Bexar,Texas,United States,Texas--San Antonio,Ayres and Ayres | architects,,"Powell, Tom L.",Contributor/Architect inferred by cataloger,,,,AAf376,AAr104,1959,1959,,,,,,,,,,,,,,,
9720,AA,"Ayres & Ayres, Architects records",Tom L. Powell office building.,,McCullough Ave,San Antonio,Bexar,Texas,United States,Texas--San Antonio,Ayres and Ayres | architects,,"Powell, Tom L.",Contributor/Architect inferred by cataloger,,,,AAf377,AAr105,1962-1963,1962-1963,,,,,,,,,,,,,,,
9721,AA,"Ayres & Ayres, Architects records",Top O’ Town Apartments.,,,San Antonio,,Texas,,,Ayres and Ayres | architects,,"Burney, Mrs. Maude C.",,"Date: June 23, 1925, June 24, 1925, June 25, 1925.",,,AAf110,,1925,1925,paper,,,hr,,Mon Mar 13 00:00:00 CST 2006,,,,,,,,,
9722,AA,"Ayres & Ayres, Architects records",Transit Tower. Storm Doors for Floor Plan.  Elevation.,,,San Antonio,,Texas,United States,Texas--San Antonio,unidentified | contributor,,,,,,,,AAr186,undated,undated,trace paper,,architectural/measured,hr,,Wed Mar 22 00:00:00 CST 2006,,,,,,,,,
9723,AA,"Ayres & Ayres, Architects records",Travis Park underground parking garage.,,[Navarro at Jefferson],San Antonio,Bexar,Texas,United States,Texas--San Antonio,Ayres and Ayres | architects,,Travis Park,Contributor/Architect inferred by cataloger,,,,AAf395,AAr122-AAr123,1953-1955,1953-1955,,,,hr,,Wed Mar 15 00:00:00 CST 2006,,,,,,,,,
9724,AA,"Ayres & Ayres, Architects records",Treatment of Stairway.,L165,,,,,United States,,American Encaustic tiling co. Ltd.,,,,,,,,AAr195,undated,undated,"paper
watercolors/pastels",,,hr,,Wed Mar 22 00:00:00 CST 2006,,,,,,,,,
9725,AA,"Ayres & Ayres, Architects records",U. Cazamias residence.,,,San Antonio,Bexar,Texas,United States,Texas--San Antonio,Ayres and Ayres | architects,,"Cazamias, U.",Contributor/Architect inferred by cataloger,,,,AAf028,,1951,1951,,,,tv,,Wed Jun 02 00:00:00 CDT 2004,,,,,,,,,
9726,AA,"Ayres & Ayres, Architects records",Unidentified Aerial photograph.,,,San Antonio,Bexar,Texas,United States,Texas--San Antonio,"KARGL Aerial Surveys, Limited",,,,Set type: aerial photograph.,,,,AAr185,undated,undated,,photographic,other (see notes),hr,,Wed Mar 22 00:00:00 CST 2006,,,,,,,,,
9727,AA,"Ayres & Ayres, Architects records",Unidentified Apartment Building.,,,San Antonio,,Texas,United States,Texas--San Antonio,Atlee B. Ayres and Robert M. Ayres | architects,,,,,,,,AAr201,undated,undated,trace paper,,,hr,,Wed Mar 22 00:00:00 CST 2006,,,,,,,,,
9728,AA,"Ayres & Ayres, Architects records",Unidentified fountain.,,,,,,United States,,Ayres and Ayres | architects,,Unidentified fountain,Contributor/Architect inferred by cataloger,,,,AAf455,,undated,undated,,,,tv,,Wed Jun 02 00:00:00 CDT 2004,,,,,,,,,
9729,AA,"Ayres & Ayres, Architects records","Unidentified hotel (Alice, Tex.). Proposed.",,,Alice,Jim Wells,Texas,United States,Texas--Alice,Ayres and Ayres | architects,,"Unidentified hotel (Alice, Tex.)",,,,,AAf230,,undated,undated,,,sketches,tv,,Wed Jun 02 00:00:00 CDT 2004,,,,,,,,,
9730,AA,"Ayres & Ayres, Architects records","Unidentified hotel (Luling, Tex.). Proposed.",,,Luling,Caldwell,Texas,United States,Texas--Luling,Ayres and Ayres | architects,,"Unidentified hotel (Luling, Tex.)",Contributor/Architect inferred by cataloger,,,,AAf294,AAr043,undated,undated,,,,,,,,,,,,,,,
9731,AA,"Ayres & Ayres, Architects records",Unidentified mausoleum.,,,,,,United States,,Ayres and Ayres | architects,,Unidentified mausoleum,Contributor/Architect inferred by cataloger,,,,AAf476,,undated,undated,,,,,,,,,,,,,,,
9732,AA,"Ayres & Ayres, Architects records","Unidentified motel (Aransas Pass, Tex.). 30 unit. Proposed.",,,Aransas Pass,Aransas,Texas,United States,Texas--Aransas Pass,Ayres and Ayres | architects,,"Unidentified motel (Aransas Pass, Tex.)",Contributor/Architect inferred by cataloger,,,,AAf300,,1964,1964,,,,,,,,,,,,,,,
9733,AA,"Ayres & Ayres, Architects records","Unidentified motel (San Antonio, Tex.). Proposed.",,South Broadway,San Antonio,Bexar,Texas,United States,Texas--San Antonio,Ayres and Ayres | architects,,"Unidentified motel (San Antonio, Tex.).",Contributor/Architect inferred by cataloger,,,,AAf302,,1964,1964,,,,,,,,,,,,,,,
9734,AA,"Ayres & Ayres, Architects records","Unidentified Office Building. First, second, and third floor plans. Street elevation views.",,Houston Street/ N. SAnta Rosa Avenue.,,,,United States,,Reming,,,,,,,,AAr189,undated,undated,prints (ex. bluelines),,,hr,,Wed Mar 22 00:00:00 CST 2006,,,,,,,,,
9735,AA,"Ayres & Ayres, Architects records","Unidentified parking garage (San Antonio, Tex.).",,Navarro at Market St,San Antonio,Bexar,Texas,United States,Texas--San Antonio,Ayres and Ayres | architects,,"Unidentified parking garage (San Antonio, Tex.)",Contributor/Architect inferred by cataloger,,,,AAf390,,1956,1956,,,,,,,,,,,,,,,
9736,AA,"Ayres & Ayres, Architects records","Unidentified private dining club (San Antonio, Tex.). Proposed.",,Ellwood,San Antonio,Bexar,Texas,United States,Texas--San Antonio,Ayres and Ayres | architects,,"Unidentified private dining club (San Antonio, Tex.)",Contributor/Architect inferred by cataloger,,,,AAf317,,1965,1965,,,,tv,,Wed Jun 02 00:00:00 CDT 2004,,,,,,,,,
9737,AA,"Ayres & Ayres, Architects records",Unidentified residence.,,,,,,United States,,Atlee B. Ayres and Robert M. Ayres | architects,,,,,,,,AAr196,undated,undated,"paper
prints (ex. bluelines)",,,hr,,Wed Mar 22 00:00:00 CST 2006,,,,,,,,,
9738,AA,"Ayres & Ayres, Architects records","Unidentified shopping center (San Antonio, Tex.).  Proposed.",,San Pedro Ave,San Antonio,Bexar,Texas,United States,Texas--San Antonio,Ayres and Ayres | architects,,"Unidentified shopping center (San Antonio, Tex.)",Contributor/Architect inferred by cataloger,,,,"AAf355
",AAr084,1964,1964,,,,,,,,,,,,,,,
9739,AA,"Ayres & Ayres, Architects records",Unidentified Spanish style tower.,,,,,,,,Ayres and Ayres | architects,,,,1 rendering sent to Kilgarlin Center PCS Paper Lab 2 students for conservation work 8/28/2006,,, ," 
",undated,undated,"watercolors/pastels
paper
boards",,"design/studies and sketches
presentation",nls,,Wed Aug 23 00:00:00 CDT 2006,,B prof. conservator,,,,,,,
9740,AA,"Ayres & Ayres, Architects records",United Services Automobile Association. Home Office Building.    USAA,,,,,,United States,,Ayres and Ayres | architects,,United Services Automobile Association,Contributor/Architect inferred by cataloger,,,,,AAr145-AAr154,1960-1961,1960-1961,,,,,,,,,,,,,,,
9741,AA,"Ayres & Ayres, Architects records",United Services Automobile Association. Home Office Building. Additions and alterations.   USAA,,,,,,United States,,Ayres and Ayres | architects,,United Services Automobile Association,Contributor/Architect inferred by cataloger,,,,,AAr156,1968-1969,1968-1969,,,,nls,,,2023-04-25 00:00:00,,,,,,,,
9742,AA,"Ayres & Ayres, Architects records",United Services Automobile Association. Home Office Building.    USAA,,,,,,United States,,Ayres and Ayres | architects,,United Services Automobile Association,Contributor/Architect inferred by cataloger,,,,AAf427,AAr145-AAr154,1953 -1954,1953-1954,,,,,,,,,,,,,,,
9743,AA,"Ayres & Ayres, Architects records",United Services Automobile Association. Home office building.     USAA,,Hildebrand at Broadway,San Antonio,Bexar,Texas,United States,Texas--San Antonio,Ayres and Ayres | architects,,United Services Automobile Association,Contributor/Architect inferred by cataloger,,,,AAf435,AAr161-AAr162,1960-1961,1960-1961,,,,,,,,,,,,,,,
9744,AA,"Ayres & Ayres, Architects records",United Services Automobile Association. Home office building.     USAA,,Hildebrand at Broadway,San Antonio,Bexar,Texas,United States,Texas--San Antonio,"Phelps, Dewees & Simmons | associated architects; Ayres & Ayres | associated architects",,United Services Automobile Association,,"drawings separated into architectural, structural, air conditioning and electricity",,,,AAr157ov - 4 rolls,1954,1954,linens,drawings,"architectural/measured
mechanical/plumbing/HVAC
site/landscape ",aav/nls,,,Tue May 07 00:00:00 CDT 2019,,,,,,,,
9745,AA,"Ayres & Ayres, Architects records",United Services Automobile Association. Home office building.     USAA,,Hildebrand at Broadway,San Antonio,Bexar,Texas,United States,Texas--San Antonio,Ayres and Ayres | architects,,United Services Automobile Association,Contributor/Architect inferred by cataloger,,,,AAf427,AAr145-AAr154,1953-1956,1953-1956,,,,,,,,,,,,,,,
9746,AA,"Ayres & Ayres, Architects records",United Services Automobile Association. Miscellaneous projects.  USAA,,Hildebrand at Broadway,San Antonio,Bexar,Texas,United States,Texas--San Antonio,Ayres and Ayres | architects,,United Services Automobile Association,Contributor/Architect inferred by cataloger,,,,AAf435,AAr161-AAr162,1961,1961,,,,,,,,,,,,,,,
9747,AA,"Ayres & Ayres, Architects records",United Services Automobile Association. Miscellaneous projects.  USAA,,Hildebrand at Broadway,San Antonio,Bexar,Texas,United States,Texas--San Antonio,Ayres and Ayres | architects,,United Services Automobile Association,Contributor/Architect inferred by cataloger,,,,AAf433,AAr159,1965,1965,,,,,,,,,,,,,,,
9748,AA,"Ayres & Ayres, Architects records",United Services Automobile Association. Miscellaneous projects.  USAA,,Hildebrand at Broadway,San Antonio,Bexar,Texas,United States,Texas--San Antonio,Ayres and Ayres | architects,,United Services Automobile Association,Contributor/Architect inferred by cataloger,,,,AAf429,AAr155,1970,1970,,,,,,,,,,,,,,,
9749,AA,"Ayres & Ayres, Architects records",United Services Automobile Association. Miscellaneous projects.   USAA,,Hildebrand at Broadway,San Antonio,Bexar,Texas,United States,Texas--San Antonio,Ayres and Ayres | architects,,United Services Automobile Association,Contributor/Architect inferred by cataloger,,,,AAf428,,1973,1973,,,,,,,,,,,,,,,
9750,AA,"Ayres & Ayres, Architects records",United Services Automobile Association. Parking garage.             USAA,,[Broadway at Allens north],San Antonio,Bexar,Texas,United States,Texas--San Antonio,Ayres and Ayres | architects,,United Services Automobile Association,Contributor/Architect inferred by cataloger,,,,AAf436,AAr163-AAr164b,1964-1965,1964-1965,,,,,,,,,,,,,,,
9751,AA,"Ayres & Ayres, Architects records",United Services Automobile Association. Proposed office building and parking structure and pedestrian bridge. USAA,,[Broadway at Allens north],San Antonio,Bexar,Texas,United States,Texas--San Antonio,Ayres and Ayres | architects,,United Services Automobile Association,,"Date: July 21, 1966.  See other projects for this client.",,,AAf432,AAr158,1966,1966,paper,,,hr,,Mon Mar 13 00:00:00 CST 2006,,,,,,,,,
9752,AA,"Ayres & Ayres, Architects records",United Services Automobile Association. Proposed revisions.         USAA,,Hildebrand at Broadway,San Antonio,Bexar,Texas,United States,Texas--San Antonio,Ayres and Ayres | architects,,United Services Automobile Association,,"See other projects for this client. Date: 7-22-63, 1-20-64, Sept. 4, 1964, 3-31-65, 10-8-65.",,,AAf434,AAr160,1963-1965,1963-1965,"paper
prints (ex. bluelines)",,,hr,,Mon Mar 13 00:00:00 CST 2006,,,,,,,,,
9753,AA,"Ayres & Ayres, Architects records",United States Army. Fort Hood. Family housing.,,,Killeen,Bell,Texas,United States,Texas--Killeen,Ayres and Ayres | architects,H. B. Zachry Company | contractor,United States Army,Contributor/Architect inferred by cataloger,,,,AAf361,AAr090,1949,1949,,,,tv,,Wed Jun 02 00:00:00 CDT 2004,,,,,,,,,
9754,AA,"Ayres & Ayres, Architects records","United States Post Office (San Antonio, Tex.).",,Broadway at Travis,San Antonio,Bexar,Texas,United States,Texas--San Antonio,Ayres and Ayres | architects,,"United States Post Office (San Antonio, Tex.)",Contributor/Architect inferred by cataloger,16,,,AAf200,,undated,undated,,,,,,,,,,,,,,,
9755,AA,"Ayres & Ayres, Architects records",University of Texas. Engineering Building. Gebauer,,,Austin,Travis,Texas,United States,Texas--Austin,Coughlin and Ayres,,University of Texas,,See also Texas State Archive for associated papers (2 folders 1903-04) and prints. 17,,,AAf160,,1904,1904,,,,,,,,,,,,,,,
9756,AA,"Ayres & Ayres, Architects records",University of Texas. Law Building.,,,Austin,Travis,Texas,United States,Texas--Austin,Ayres and Ayres | architects,,University of Texas,,13,,,AAf162,,1908,1908,,,,,,,,,,,,,,,
9757,AA,"Ayres & Ayres, Architects records",University of Texas. Pharmacy Building.,,,Austin,Travis,Texas,United States,Texas--Austin,Ayres and Ayres | architects,,University of Texas,Contributor/Architect inferred by cataloger,115,,,AAf163,,1949-1952,1949-1952,,,,,,,,,,,,,,,
9758,AA,"Ayres & Ayres, Architects records",University of Texas. President's residence. Competition.,,San Jacinto Blvd,Austin,Travis,Texas,United States,Texas--Austin,Ayres and Ayres | architects,,University of Texas,Contributor/Architect inferred by cataloger,9,,,AAf152,,undated,undated,,,,,,,,,,,,,,,
9759,AA,"Ayres & Ayres, Architects records",University of Texas. R.O.T.C. Building. ROTC,,,Austin,Travis,Texas,United States,Texas--Austin,Ayres and Ayres | architects,,University of Texas,Contributor/Architect inferred by cataloger,36,,,AAf159,,1956,1956,linens,,"architectural/measured
electrical
site/landscape 
mechanical/plumbing/HVAC
structural",nls,,Thu Feb 18 00:00:00 CST 2010,,,,,,,,,
9760,AA,"Ayres & Ayres, Architects records",University of Texas. Women's Dormitory Building. (Carothers),,,Austin,Travis,Texas,United States,Texas--Austin,Ayres and Ayres | architects,,University of Texas,Contributor/Architect inferred by cataloger,"23, 1",,,AAf161,,1935,1935,linens,,"architectural/measured
structural",,,,,,,,,,,,
9761,AA,"Ayres & Ayres, Architects records",Untitled drawings.,,,San Antonio,Bexar,Texas,United States,Texas--San Antonio,Robert Cunningham,,,,,,,,AAr182,undated,undated,,,,hr,,Wed Mar 22 00:00:00 CST 2006,,,,,,,,,
9762,AA,"Ayres & Ayres, Architects records",Urschel residence. Additions.,,,San Antonio,,Texas,,,Ayres and Ayres | architects,,"Urschel, Mr. and Mrs. C. F.",,Date: 12-5-51.,,,AAf116.1,,1951,1951,"paper
prints (ex. bluelines)",,,hr,,Mon Mar 13 00:00:00 CST 2006,,,,,,,,,
9763,AA,"Ayres & Ayres, Architects records",Urschel residence. Illumination of tennis court.,,Devine Road,San Antonio,,Texas,,,Ayres and Ayres | architects,,"Urschel, C. F. Jr.",,,,,AAf274,,1900,1900,"paper
prints (ex. bluelines)",,,hr,,Mon Mar 13 00:00:00 CST 2006,,,,,,,,,
9764,AA,"Ayres & Ayres, Architects records",Val Verde County Courthouse.,,,Del Rio,Val Verde,Texas,United States,Texas--Del Rio,Ayres and Ayres | architects,,Val Verde County,Contributor/Architect inferred by cataloger,sent (sheet of pencil on trace) to the Paper Conservation class 9/17/01 returned and checked in 9/18/02 by NLS.,,,AAf155,,1915,1915,,,,,,,,"B prof. conservator
sent (sheet of pencil on trace with bad tears) to the Paper Conservation class 9/17/01 returned and checked in 9/18/02 by NLS.",,y,,,,,
9765,AA,"Ayres & Ayres, Architects records",Van Petty residence.,,[10 10th St],San Antonio,Bexar,Texas,United States,Texas--San Antonio,Ayres and Ayres | architects,,"Petty, Van",,,14,,AAf024,,undated,undated,linens,specifications,architectural/measured,nls,,Wed Apr 02 00:00:00 CDT 2008,,,,,,,,,
9766,AA,"Ayres & Ayres, Architects records",Vance residence. Sketches.,,,San Antonio,Bexar,Texas,United States,Texas--San Antonio,Ayres and Ayres | architects,,Vance,Contributor/Architect inferred by cataloger,,,,AAf129,,1973,1973,,,,,,,,,,,,,,,
9767,AA,"Ayres & Ayres, Architects records",Vogue Store. Additions and alterations.,,301 East Houston,San Antonio,Bexar,Texas,United States,Texas--San Antonio,Ayres and Ayres | architects,,Vogue Store,Contributor/Architect inferred by cataloger,,,,AAf382 ,AAr110,1944,1944,,,,,,,,,,,,,,,
9768,AA,"Ayres & Ayres, Architects records",Vogue Store. Additions and alterations.,,301 East Houston,San Antonio,Bexar,Texas,United States,Texas--San Antonio,Ayres and Ayres | architects,,Vogue Store,Contributor/Architect inferred by cataloger,,,,AAf382,AAr110,1946-1948,1946-1948,,,,,,,,,,,,,,,
9769,AA,"Ayres & Ayres, Architects records",W.C. Clegg residence.,,243 East Huisache,San Antonio,Bexar,Texas,United States,Texas--San Antonio,Ayres and Ayres | architects,,"Clegg, W. C.",Contributor/Architect inferred by cataloger,,,,AAf004,,1926,1926,,,,tv,,Wed Jun 02 00:00:00 CDT 2004,,,,,,,,,
9770,AA,"Ayres & Ayres, Architects records",W.C. Clegg residence. Remodeling.,,243 East Huisache,San Antonio,Bexar,Texas,United States,Texas--San Antonio,Ayres and Ayres | architects,,"Clegg, W. C.",Contributor/Architect inferred by cataloger,,,,AAf004.2,,1937,1937,,,,tv,,Wed Jun 02 00:00:00 CDT 2004,,,,,,,,,
9771,AA,"Ayres & Ayres, Architects records",W.C. Clegg residence.,,,Boerne,Kaufman,Texas,United States,Texas--Boerne,Ayres and Ayres | architects,,"Clegg, W. C.",Contributor/Architect inferred by cataloger,,,,AAf133,,undated,undated,,,,tv,,Wed Jun 02 00:00:00 CDT 2004,,,,,,,,,
9772,AA,"Ayres & Ayres, Architects records",W.C. Mitchell residence.,,Cavitt Dr,Bryan,Brazos,Texas,United States,Texas--Bryan,Ayres and Ayres | architects,,"Mitchell, W. C.",Contributor/Architect inferred by cataloger,,,,AAf098,,1956,1956,,,,,,,,,,,,,,,
9773,AA,"Ayres & Ayres, Architects records",W.C. Rigsby residence.,,,San Antonio,Bexar,Texas,United States,Texas--San Antonio,Ayres and Ayres | architects,,"Rigsby, W. C.",Contributor/Architect inferred by cataloger,,,,AAf144,,1920,1920,,,,,,,,,,,,,,,
9774,AA,"Ayres & Ayres, Architects records",W.E. Simpson residence.,,Olmos Park Estates,San Antonio,Bexar,Texas,United States,Texas--San Antonio,Ayres and Ayres | architects,,"Simpson, W. E.",Contributor/Architect inferred by cataloger,,,,AAf107,,1928,1928,,,,,,,,,,,,,,,
9775,AA,"Ayres & Ayres, Architects records",W.M. Abbey residence.,,,Del Rio,Val Verde,Texas,United States,Texas--Del Rio,Ayres and Ayres | architects,,"Abbey, W. M.",,1 picture: photograph; 19 x 15 cm.,,,AAf444,,undated,undated,,,,tv,,Wed Jun 02 00:00:00 CDT 2004,,,,,,,,,
9776,AA,"Ayres & Ayres, Architects records",Wallace Newton residence.,,,San Antonio,Bexar,Texas,United States,Texas--San Antonio,Ayres and Ayres | architects,,"Newton, Wallace",Contributor/Architect inferred by cataloger,,,,AAf102,,undated,undated,,,,,,,,,,,,,,,
9777,AA,"Ayres & Ayres, Architects records",Walter Buzzini beach house.,,,,,,United States,,Ayres and Ayres | architects,,"Buzzini, Walter",Contributor/Architect inferred by cataloger,,,,AAf132,,1948,1948,,,,tv,,Wed Jun 02 00:00:00 CDT 2004,,,,,,,,,
9778,AA,"Ayres & Ayres, Architects records",Walter Buzzini residence.,,,San Antonio,Bexar,Texas,United States,Texas--San Antonio,Ayres and Ayres | architects,,"Buzzini, Walter",Contributor/Architect inferred by cataloger,,,,AAf038,,1937-1938,1937-1938,,,,tv,,Wed Jun 02 00:00:00 CDT 2004,,,,,,,,,
9779,AA,"Ayres & Ayres, Architects records",Walter Buzzini residence.,,,San Antonio,Bexar,Texas,United States,Texas--San Antonio,Ayres and Ayres | architects,,"Buzzini, Walter",Contributor/Architect inferred by cataloger,,,,AAf038.1,,1947,1947,,,,tv,,Wed Jun 02 00:00:00 CDT 2004,,,,,,,,,
9780,AA,"Ayres & Ayres, Architects records",Walter Buzzini residence.,,,San Antonio,Bexar,Texas,United States,Texas--San Antonio,Ayres and Ayres | architects,,"Buzzini, Walter",Contributor/Architect inferred by cataloger,,,,AAf131,,1974,1974,,,,tv,,Wed Jun 02 00:00:00 CDT 2004,,,,,,,,,
9781,AA,"Ayres & Ayres, Architects records",Bergstrom residence.,,,San Antonio,Bexar,Texas,United States,Texas--San Antonio,Ayres and Ayres | architects,,"Bergstrom, Walter J.",Contributor/Architect inferred by cataloger,,,,AAf067,,1948,1948,,,,tv,,Wed Jun 02 00:00:00 CDT 2004,,,,,,,,,
9782,AA,"Ayres & Ayres, Architects records",Ward W. Kelley residence.,,Terrell Hills,San Antonio,Bexar,Texas,United States,Texas--San Antonio,Ayres and Ayres | architects,,"Kelley, Ward W.",Contributor/Architect inferred by cataloger,,,,AAf064,,1929,1929,,,,,,,,,,,,,,,
9783,AA,"Ayres & Ayres, Architects records","Water tank (Park Hill Estates, San Antonio, Tex.).",,,San Antonio,Bexar,Texas,United States,Texas--San Antonio,Ayres and Ayres | architects,,Park Hill Estates,Contributor/Architect inferred by cataloger,,,,AAf202,,undated,undated,,,,,,,,,,,,,,,
9784,AA,"Ayres & Ayres, Architects records",Wedgewood Professional Building. Radiology Lab.,,,San Antonio,Bexar,Texas,United States,Texas--San Antonio,Torres and Makar,,,,See also plans for Dr. Lea (folder 404.1).,,,AAf404,,undated,undated,"paper
prints (ex. bluelines)",,,hr,,Mon Mar 13 00:00:00 CST 2006,,,,,,,,,
9785,AA,"Ayres & Ayres, Architects records",West Texas Military Academy.,,,,,Texas,United States,,Ayres and Ayres | architects,,West Texas Military Academy,Contributor/Architect inferred by cataloger,,,,AAf298,,1913,1913,,,,,,,,,,,,,,,
9786,AA,"Ayres & Ayres, Architects records",West Texas Military Academy. Chapel and swimming pool.,,,San Antonio,Bexar,Texas,United States,Texas--San Antonio,Ayres and Ayres | architects,,West Texas Military Academy,Contributor/Architect inferred by cataloger,,,,AAf199.1,,1915,1915,,,,,,,,,,,,,,,
9787,AA,"Ayres & Ayres, Architects records",West Texas Military Academy. Proposed Swimming Pool and auditorium.,,,,,Texas,United States,,Ayres and Ayres | architects,,West Texas Military Academy,Contributor/Architect inferred by cataloger,See folder 199.,,,AAf298.1,,1900,1900,paper,,,hr,,Tue Mar 14 00:00:00 CST 2006,,,,,,,,,
9788,AA,"Ayres & Ayres, Architects records",West Texas Military Academy. Swimming Pool.,,Alamo Heights,San Antonio,,Texas,United States,Texas--San Antonio,Ayres and Ayres | architects,,West Texas Military Academy,,"Date: Oct. 2, 1914. See other projects for W.T.M..A. Pool  (folder 199)",,,AAf199,,1914,1914,linens,,,,,,,,,,,,,,
9789,AA,"Ayres & Ayres, Architects records","Western Union Building (San Antonio, Tex.).",,Commerce St,San Antonio,Bexar,Texas,United States,Texas--San Antonio,Ayres and Ayres | architects,,Alexander Joske Estate,Contributor/Architect inferred by cataloger,,,,AAf207,,1927-1928,1927-1928,,,,,,,,,,,,,,,
9790,AA,"Ayres & Ayres, Architects records","Westside State Bank (San Antonio, Tex.). Motor bank and parking area.",,109 North San Saba St,San Antonio,Bexar,Texas,United States,Texas--San Antonio,Ayres and Ayres | architects,,"Westside State Bank (San Antonio, Tex.)",Contributor/Architect inferred by cataloger,,,,AAf226,,1966-1967,1966-1967,,,,,,,,,,,,,,,
9791,AA,"Ayres & Ayres, Architects records",Westwood Hills Development.,,,San Antonio,Bexar,Texas,United States,Texas--San Antonio,Ayres and Ayres | architects,,Zachry Co.,Contributor/Architect inferred by cataloger,,,,AAf356,AAr085,1943-1944,1943-1944,,,,,,,,,,,,,,,
9792,AA,"Ayres & Ayres, Architects records",Willard M. Berman residence.,,Alamo Heights,San Antonio,Bexar,Texas,United States,Texas--San Antonio,Ayres and Ayres | architects,,"Berman, Willard M.",Contributor/Architect inferred by cataloger,,,,AAf479,,undated,undated,,,,tv,,Wed Jun 02 00:00:00 CDT 2004,,,,,,,,,
9793,AA,"Ayres & Ayres, Architects records",William M. Wolff residence.,,201 Divine Rd,San Antonio,Bexar,Texas,United States,Texas--San Antonio,Ayres and Ayres | architects,,"Wolff, Dr. and Mrs. William M.,",Contributor/Architect inferred by cataloger,Address provided by cataloger.,,,AAf267 AAf267.1,,1953-1954,1953-1954,,,,,,,,,,,,,,,
9794,AA,"Ayres & Ayres, Architects records",William M. Wolff residence.,,201 Divine Rd,San Antonio,Bexar,Texas,United States,Texas--San Antonio,Ayres and Ayres | architects,,"Wolff, Dr. and Mrs. William M.",Contributor/Architect inferred by cataloger,Address provided by cataloger.,,,AAf267.2,,1963,1963,,,,,,,,,,,,,,,
9795,AA,"Ayres & Ayres, Architects records",William Negley residence.,,421 Howard St,San Antonio,Bexar,Texas,United States,Texas--San Antonio,Coughlin and Ayres,,"Negley, William",,Year questionable 190-.  Dodd deleted a record for this project by Chris Means that showed 25 sheets for the same exact project.,,,AAf001,,1900,1900,"ink on linen
trace paper
paper",,design/studies and sketches,bjd,,,,,,,,,,,
9796,AA,"Ayres & Ayres, Architects records",William Negley residence.,,"1320 Wiltshire Ave., Terrell Hills",San Antonio,Bexar,Texas,United States,Texas--San Antonio,Ayres and Ayres | architects,,"Negley, William",Contributor/Architect inferred by cataloger,,,,AAf121,,1954-1955,1954-1955,,,,,,,,,,,,,,,
9797,AA,"Ayres & Ayres, Architects records",William Wolff residence. Additions and alterations.,,415 West Ashby,San Antonio,Bexar,Texas,United States,Texas--San Antonio,Ayres and Ayres | architects,,"Wolff, William, Dr.",Contributor/Architect inferred by cataloger,Address provided by cataloger.,,,AAf266,,1922,1922,,,,,,,,,,,,,,,
9798,AA,"Ayres & Ayres, Architects records",William Wolff residence. Additions and alterations.,,415 West Ashby,San Antonio,Bexar,Texas,United States,Texas--San Antonio,Ayres and Ayres | architects,,"Wolff, William, Dr.",Contributor/Architect inferred by cataloger,Address provided by cataloger.,,,AAf266.1,,1936,1936,,,,,,,,,,,,,,,
9799,AA,"Ayres & Ayres, Architects records",Winerich Building.,,Avenue C and 3rd St,San Antonio,Bexar,Texas,United States,Texas--San Antonio,Ayres and Ayres | architects,,Winerich,Contributor/Architect inferred by cataloger,"19, 9",,,AAf219,AAr022-AAr023,1914,1914,,,,,,,,,,,,,,,
9800,AA,"Ayres & Ayres, Architects records",Winerich Building.,,Avenue C and 3rd St,San Antonio,Bexar,Texas,United States,Texas--San Antonio,Ayres and Ayres | architects,,Winerich,Contributor/Architect inferred by cataloger,"19, 9",,,AAf219.1,AAr022-,1915,1915,,,,,,,,,,,,,,,
9801,AA,"Ayres & Ayres, Architects records",Winerich residence.,,,San Antonio,Bexar,Texas,United States,Texas--San Antonio,Atlee B. Ayres | architect,,Winerich,,Client’s first name is possibly Frank. 11,,,AAf035,,undated,undated,ink on linen,,,bjd,,,,,,,,,,,
9802,AA,"Ayres & Ayres, Architects records",Winter residence.,,444 Ivy Lane,San Antonio,Bexar,Texas,United States,Texas--San Antonio,Ayres and Ayres | architects,,"Winter, Dr.",Contributor/Architect inferred by cataloger,,,,AAf020,,1962,1962,,,,,,,,,,,,,,,
9803,AA,"Ayres & Ayres, Architects records",Municipal Museum Building (Witte Memorial Museum).,,3801 Broadway,San Antonio,Bexar,Texas,United States,Texas--San Antonio,Atlee B. Ayres and Robert M. Ayres | architects,,"San Antonio, City of",,"14, 41",,,AAf314,,1925-1926,1925-1926,,,,,,,,,,,,,,,
9804,AA,"Ayres & Ayres, Architects records",Municipal Museum Building (Witte Memorial Museum). Addition.,,3801 Broadway,San Antonio,Bexar,Texas,United States,Texas--San Antonio,Atlee B. Ayres and Robert M. Ayres | architects,,"San Antonio, City of",,"14, 41",,,AAf314.1,,1928,1928,,,,,,,,,,,,,,,
9805,AA,"Ayres & Ayres, Architects records",Witte Memorial Museum. Addition.,,3801 Broadway,San Antonio,Bexar,Texas,United States,Texas--San Antonio,Atlee B. Ayres and Robert M. Ayres | architects,,Witte Memorial Museum,,"14, 41",,,AAf314.2,,1931,1931,,,,bjd,,Thu Feb 01 00:00:00 CST 2007,,,,,,,,,
9806,AA,"Ayres & Ayres, Architects records",Witte Memorial Museum. Addition.,,3801 Broadway,San Antonio,Bexar,Texas,United States,Texas--San Antonio,Atlee B. Ayres and Robert M. Ayres | architects,,Witte Memorial Museum,,"14, 41",,,AAf314.6,,1936,1936,,,,,,,,,,,,,,,
9807,AA,"Ayres & Ayres, Architects records",Witte Memorial Museum. New Pioneer Hall proposed addition.,,3801 Broadway,San Antonio,Bexar,Texas,United States,Texas--San Antonio,Atlee B. Ayres and Robert M. Ayres | architects,,Witte Memorial Museum,,See original plans and other additions (folder 314),,,AAf314.4,,undated,undated,paper,,,hr,,Tue Mar 14 00:00:00 CST 2006,,,,,,,,,
9808,AA,"Ayres & Ayres, Architects records",Transportation annex for Witte Memorial Museum at  Brackenridge park.,,3801 Broadway,San Antonio,Bexar,Texas,United States,Texas--San Antonio,unidentified | contributor,,,,See original plans and other additions (folder 314),,,AAf314.5,,undated,undated,paper,,,hr,,Tue Mar 14 00:00:00 CST 2006,,,,,,,,,
9809,AA,"Ayres & Ayres, Architects records",Woodlawn School.,,,,,,United States,,Ayres and Ayres | architects,,Woodlawn School,Contributor/Architect inferred by cataloger,2,,,AAf237,,1930,1930,,,,,,,,,,,,,,,
9810,AA,"Ayres & Ayres, Architects records",Woodward residence.,,1717 San Pedro,,,,United States,,Ayres and Ayres | architects,,Woodward,Contributor/Architect inferred by cataloger,Year questionable.,,,AAf147,,1904-1906,1904-1906,,,,,,,,,,,,,,,
9811,AA,"Ayres & Ayres, Architects records",Young Woman's Christian Association (YWCA) Building.,,,San Antonio,Bexar,Texas,United States,Texas--San Antonio,Ayres and Ayres | architects,,Young Woman's Christian Association,Contributor/Architect inferred by cataloger,Year questionable 19--.,,,AAf181,,1900,1900,,,,,,,,,,,,,,,
9812,AA,"Ayres & Ayres, Architects records",Young Woman's Christian Association (YWCA) Building.,,,San Antonio,Bexar,Texas,United States,Texas--San Antonio,Ayres and Ayres | architects,,Young Woman's Christian Association,Contributor/Architect inferred by cataloger,,,,AAf181.1,,1955,1955,,,,,,,,,,,,,,,
9813,AA,"Ayres & Ayres, Architects records",Ziegler Glass Company building. Additions and alterations.,,corner of Lexington and Euclid,San Antonio,Bexar,Texas,United States,Texas--San Antonio,Ayres and Ayres | architects,,Ziegler Glass Company.,Contributor/Architect inferred by cataloger,,,,AAf283,AAr034,1949-1950,1949-1950,,,,,,,,,,,,,,,
9814,AA,"Ayres & Ayres, Architects records",Yoakum Building.,,Alamo Plaza,San Antonio,Bexar,Texas,United States,Texas--San Antonio,C. A. Coughlin,,,,,,,AAf225,,undated,undated,linens,undetermined,design/studies&sketches,bjd,,Tue Oct 10 00:00:00 CDT 2006,,E fasteners/rehouse,,,,,y,1.979E+23,
9815,AA,"Ayres & Ayres, Architects records",W.C. Clegg residence. Enclosed porch.,,243 East Huisache,San Antonio,Bexar,Texas,United States,Texas--San Antonio,Ayres and Ayres | architects,,"Clegg, W. C.",,,,,AAf004.1,,1926,1926,trace paper,,,bd ag,,Tue Oct 10 00:00:00 CDT 2006,,,,,,,,,
9816,AA,"Ayres & Ayres, Architects records",Chandler residence.,,124 West French Place,San Antonio,Bexar,Texas,United States,Texas--San Antonio,C. A. Coughlin,,"Chandler, E. B.",,,,,AAf016.1,,1905?,1905?,,,,"tv, ag",,Tue Oct 10 00:00:00 CDT 2006,,,,,,,,,
9817,AA,"Ayres & Ayres, Architects records",Chandler residence. Billiard room.,,124 West French Place,San Antonio,Bexar,Texas,United States,Texas--San Antonio,C. A. Coughlin,,"Chandler, E. B.",,,,,AAf016.2,,1905?,1905?,,,,"tv, ag",,Tue Oct 10 00:00:00 CDT 2006,,,,,,,,,
9818,AA,"Ayres & Ayres, Architects records",Chandler residence. Barn.,,124 West French Place,San Antonio,Bexar,Texas,United States,Texas--San Antonio,Coughlin and Ayres,,"Chandler, E. B.",,,,,AAf016.3,,1905?,1905?,,,,"tv, ag",,Tue Oct 10 00:00:00 CDT 2006,,,,,,,,,
9819,AA,"Ayres & Ayres, Architects records",Burns or Lipscomb Stable.,,,San Antonio,Bexar,Texas,United States,Texas--San Antonio,C. A. Coughlin,,,,hr=3/13/06,,,AAf031,,undated,undated,,,,hr ag,,Tue Oct 24 00:00:00 CDT 2006,,,,,,,,,
9820,AA,"Ayres & Ayres, Architects records",Garage and servants quarters.,,,,Bexar,,United States,,Atlee B. Ayres | architect,,,,,,,AAf104,,undated,undated,,,,ag,,Tue Oct 24 00:00:00 CDT 2006,,,,,,,,,
9821,AA,"Ayres & Ayres, Architects records",Fence details.,,,,,,United States,,Atlee B. Ayres | architect,,,,,,,AAf105,,undated,undated,,,,ag,,Tue Oct 24 00:00:00 CDT 2006,,,,,,,,,
9822,AA,"Ayres & Ayres, Architects records",Unidentified two story residence.,,,San Antonio,Bexar,Texas,United States,Texas--San Antonio,Atlee B. Ayres and Robert M. Ayres | architects,,,,,,,AAf106,,undated,undated,,,,ag,,Tue Oct 24 00:00:00 CDT 2006,,,,,,,,,
9823,AA,"Ayres & Ayres, Architects records",Unidentified one story brick veneer residence.,,,San Antonio,Bexar,Texas,United States,Texas--San Antonio,Atlee B. Ayres and Robert M. Ayres | architects,,,,tv=6/2/04,,,AAf115,,undated,undated,,,,tv ag,,Tue Oct 24 00:00:00 CDT 2006,,,,,,,,,
9824,AA,"Ayres & Ayres, Architects records",Cupola.,,,,Bexar,,United States,,unidentified | contributor,George Willis | attributed designer,"Ayres, Mrs. Robert M.",,6,,,AAf124,,undated,undated,ink on linen,,,bjd ag,,Tue Oct 24 00:00:00 CDT 2006,,,,,,,,,
9825,AA,"Ayres & Ayres, Architects records",Unidentified residence (Houston). Alterations.,,,Houston,Harris,Texas,United States,Texas--Houston,Atlee B. Ayres and Robert M. Ayres | architects,,,,tv=6/2/04,,,AAf127,,undated,undated,,,,tv ag,,Tue Oct 24 00:00:00 CDT 2006,,,,,,,,,
9826,AA,"Ayres & Ayres, Architects records",Unidentified one story residence.,,,,,,United States,,Atlee B. Ayres and Robert M. Ayres | architects,,,,tv=6/2/04,,,AAf136,,undated,undated,,,,tv ag,,Tue Oct 24 00:00:00 CDT 2006,,,,,,,,,
9827,AA,"Ayres & Ayres, Architects records",Architect’s sign for Atlee B. & Robert M. Ayres.,,,,,,United States,,Atlee B. Ayres and Robert M. Ayres | architects,,"Atlee B. and Robert M. Ayres, Architects",,tv=6/2/04,,,AAf180,,undated,undated,,,,tv ag,,Tue Oct 24 00:00:00 CDT 2006,,,,,,,,,
9828,AA,"Ayres & Ayres, Architects records",Furniture designs.,,,,,,United States,,Atlee B. Ayres and Robert M. Ayres | architects,,,,,,,"AAf224
",,undated,undated,,,,ag,,Tue Oct 24 00:00:00 CDT 2006,,,,,,,,,
9829,AA,"Ayres & Ayres, Architects records",Travis Street pedestrian bridge (San Antonio).,,Travis St,San Antonio,Bexar,Texas,,,Atlee B. Ayres and Robert M. Ayres | architects,,City of San Antonio,,"Date: March 24, 1969.  hr=3/13/06",,,AAf228,,undated,undated,"paper
prints (ex. bluelines)",,,hr ag,,Tue Oct 24 00:00:00 CDT 2006,,,,,,,,,
9830,AA,"Ayres & Ayres, Architects records",Mortgage Investment Corporation.,,,Corpus Christi,Nueces,Texas,United States,Texas--Corpus Christi,Ayres and Ayres | architects,,,Contributor/Architect inferred by cataloger,,,,AAf234,,undated,undated,,,,ag,,Tue Oct 24 00:00:00 CDT 2006,,,,,,,,,
9831,AA,"Ayres & Ayres, Architects records",Unidentified hotel (San Antonio).,,Presa at Houston,San Antonio,Bexar,Texas,United States,Texas--San Antonio,Atlee B. Ayres and Robert M. Ayres | architects,,,,largest size = 76 x 106 cm.,,,AAf297,,undated,undated,pencil on paper,,,ag,,Tue Oct 24 00:00:00 CDT 2006,,"all A, except 1 D",,,,,,,
9832,AA,"Ayres & Ayres, Architects records",Unidentified hotel. Mezzanine sketches.,,,,,,United States,,Atlee B. Ayres and Robert M. Ayres | architects,,,,,,,AAf301,,undated,undated,,,,ag,,Tue Oct 24 00:00:00 CDT 2006,,,,,,,,,
9833,AA,"Ayres & Ayres, Architects records",Hotel. Proposed.,,S. Rosa Avenue,San Antonio,Bexar,Texas,United States,Texas--San Antonio,Atlee B. Ayres and Robert M. Ayres | architects,,,,,,,AAf303,,undated,undated,,,,ag,,Tue Oct 24 00:00:00 CDT 2006,,,,,,,,,
9834,AA,"Ayres & Ayres, Architects records",Hot dog stand. Sketches.,,,,,,United States,,Atlee B. Ayres and Robert M. Ayres | architects,,,,,,,AAf316,,undated,undated,,,,ag,,Tue Oct 24 00:00:00 CDT 2006,,,,,,,,,
9835,AA,"Ayres & Ayres, Architects records",Hotel. Proposed (San Antonio).,,Houston Street between Presa & College,San Antonio,Bexar,Texas,United States,Texas--San Antonio,Atlee B. Ayres and Robert M. Ayres | architects,,,,tv=6/2/04,,,AAf345,,undated,undated,,,design/studies and sketches,tv ag,,Tue Oct 24 00:00:00 CDT 2006,,,,,,,,,
9836,AA,"Ayres & Ayres, Architects records",Unidentified hotel.,,,,,,United States,,Atlee B. Ayres and Robert M. Ayres | architects,,tv=6/2/04,,,,,AAf346,,undated,undated,,,design/studies and sketches,tv ag,,Tue Oct 24 00:00:00 CDT 2006,,,,,,,,,
9837,AA,"Ayres & Ayres, Architects records",Murchinson residence.,,Danver’s Ln,San Antonio,Bexar,Texas,United States,Texas--San Antonio,Atlee B. Ayres and Robert M. Ayres | architects,,"Murchinson, Frank and Mrs.",,1 picture: photograph; 19 x 15 cm.  tv=6/2/04,,,AAf445,,undated,undated,,,,tv ag,,Tue Oct 24 00:00:00 CDT 2006,,,,,,,,,
9838,AA,"Ayres & Ayres, Architects records",Unidentified building.,,,San Antonio,Bexar,Texas,United States,Texas--San Antonio,Atlee B. Ayres and Robert M. Ayres | architects,,,,"1 picture: photograph; 19 x 15 cm.
tv=6/2/04",,,AAf446,,undated,undated,"photograph
",,,tv ag,,Tue Oct 24 00:00:00 CDT 2006,,,,,,,,,
9839,AA,"Ayres & Ayres, Architects records",Unidentified building.,,,,,,United States,,Atlee B. Ayres and Robert M. Ayres | architects,,,,"1 picture: photograph; 19 x 15 cm.
tv=6/2/04",,,AAf447,,undated,undated,,,,tv ag,,Tue Oct 24 00:00:00 CDT 2006,,,,,,,,,
9840,AA,"Ayres & Ayres, Architects records",Unidentified building. Interior view of a staircase,,,San Antonio,Bexar,Texas,United States,Texas--San Antonio,Atlee B. Ayres and Robert M. Ayres | architects,,,,,,,AAf449,,undated,undated,,,,ag,,Tue Oct 24 00:00:00 CDT 2006,,,,,,,,,
9841,AA,"Ayres & Ayres, Architects records",Unidentified Building.,,,,,,United States,,Atlee B. Ayres and Robert M. Ayres | architects,,,,,,,AAf450,,undated,undated,,,,ag,,Tue Oct 24 00:00:00 CDT 2006,,,,,,,,,
9842,AA,"Ayres & Ayres, Architects records",Officers lounge and dining room.,,,,,,United States,,Atlee B. Ayres and Robert M. Ayres | architects,,,,,,,AAf451,,undated,undated,,,,ag,,Tue Oct 24 00:00:00 CDT 2006,,,,,,,,,
9843,AA,"Ayres & Ayres, Architects records",Unidentified building.  Interior view of a patio.,,,,,,United States,,Atlee B. Ayres and Robert M. Ayres | architects,,,,,,,AAf452,,undated,undated,,,,ag,,Tue Oct 24 00:00:00 CDT 2006,,,,,,,,,
9844,AA,"Ayres & Ayres, Architects records",Basila Pharmacy,,,San Antonio,Bexar,Texas,United States,Texas--San Antonio,Atlee B. Ayres and Robert M. Ayres | architects,,,,,,,AAf452,,undated,undated,,,,ag,,Tue Oct 24 00:00:00 CDT 2006,,,,,,,,,
9845,AA,"Ayres & Ayres, Architects records",Unidentified hotel and store building.,,,,,,United States,,Atlee B. Ayres and Robert M. Ayres | architects,,,,,,,AAf453,,undated,undated,,,,ag,,Tue Oct 24 00:00:00 CDT 2006,,,,,,,,,
9846,AA,"Ayres & Ayres, Architects records",Unidentified store building.,,,,,,United States,,Atlee B. Ayres and Robert M. Ayres | architects,,,,,,,AAf454,,undated,undated,,,,ag,,Tue Oct 24 00:00:00 CDT 2006,,,,,,,,,
9847,AA,"Ayres & Ayres, Architects records",Unidentified Hotel Building.,,,,,,United States,,Coughlin and Ayres,,,,tv=6/2/04,,,AAf456,,undated,undated,,,,tv ag,,Tue Oct 24 00:00:00 CDT 2006,,,,,,,,,
9848,AA,"Ayres & Ayres, Architects records",Unidentified Residence. The Stacks.,,,,,Texas,,,Atlee B. Ayres | architect,,,,Elevation scale: 3 inches equals 1 foot.  hr=3/13/06,,,AAf460,,undated,undated,boards,,,hr ag,,Tue Oct 24 00:00:00 CDT 2006,,,,,,,,,
9849,AA,"Ayres & Ayres, Architects records",Unidentified Building.,,,San Antonio,Bexar,Texas,United States,Texas--San Antonio,Atlee B. Ayres and Robert M. Ayres | architects,,,,Perspectives.  hr=3/13/06,,,AAf462,,undated,undated,photostats,,,hr ag,,Tue Oct 24 00:00:00 CDT 2006,,,,,,,,,
9850,AA,"Ayres & Ayres, Architects records",Unidentified Office Building.,,,,,,,,Atlee B. Ayres and Robert M. Ayres | architects,,,,Perspectives.  hr=3/13/06,,,AAf463,,undated,undated,photostats,,,hr ag,,Tue Oct 24 00:00:00 CDT 2006,,,,,,,,,
9851,AA,"Ayres & Ayres, Architects records",Unidentified Building.,,,,,,,,Atlee B. Ayres and Robert M. Ayres | architects,,,,Perspectives. hr=3/13/06,,,AAf464,,undated,undated,photostats,,,hr ag,,Tue Oct 24 00:00:00 CDT 2006,,,,,,,,,
9852,AA,"Ayres & Ayres, Architects records",Unidentified Building.,,,,,,United States,,Atlee B. Ayres and Robert M. Ayres | architects,,,,hr=3/10/06,,,AAf466,,undated,undated,"watercolors/pastels
boards",,,hr ag,,Tue Oct 24 00:00:00 CDT 2006,,,,,,,,,
9853,AA,"Ayres & Ayres, Architects records",Proposed Hotel or Resort Building.,,,,,,United States,,Atlee B. Ayres and Robert M. Ayres | architects,,,,,,,AAf468,,undated,undated,,,,ag,,Tue Oct 24 00:00:00 CDT 2006,,,,,,,,,
9854,AA,"Ayres & Ayres, Architects records",Missouri Kansas Texas Railway Depot (M K T).,,,San Antonio,Bexar,Texas,United States,Texas--San Antonio,Atlee B. Ayres and Robert M. Ayres | architects,,,,Year questionable: 193-?,,,AAf471,,undated,undated,,,,ag,,Tue Oct 24 00:00:00 CDT 2006,,,,,,,,,
9855,AA,"Ayres & Ayres, Architects records",Unidentified Residence.,,,,,,United States,,Atlee B. Ayres and Robert M. Ayres | architects,,,,Year questionable: 193-?,,,AAf472,,undated,undated,,,,ag,,Tue Oct 24 00:00:00 CDT 2006,,,,,,,,,
9856,AA,"Ayres & Ayres, Architects records",Unidentified Residence.,,,,,,United States,,Atlee B. Ayres and Robert M. Ayres | architects,,,,Year questionable: 193-?,,,AAf473,,undated,undated,,,,ag,,Tue Oct 24 00:00:00 CDT 2006,,,,,,,,,
9857,AA,"Ayres & Ayres, Architects records",Unidentified Residence.,,,,,,United States,,Atlee B. Ayres and Robert M. Ayres | architects,,,,Year questionable: 193-?,,,AAf474,,undated,undated,,,,ag,,Tue Oct 24 00:00:00 CDT 2006,,,,,,,,,
9858,AA,"Ayres & Ayres, Architects records",Unidentified courthouse.,,,,,,United States,,Atlee B. Ayres and Robert M. Ayres | architects,,,,,,,AAf477,,undated,undated,,,,ag,,Tue Oct 24 00:00:00 CDT 2006,,,,,,,,,
9859,AA,"Ayres & Ayres, Architects records",Unidentified stadium.,,,,,,United States,,Atlee B. Ayres and Robert M. Ayres | architects,,,,,,,AAf478,,undated,undated,,,,ag,,Tue Oct 24 00:00:00 CDT 2006,,,,,,,,,
9860,AA,"Ayres & Ayres, Architects records",Unidentified apartment building.,,Elsmere at San Pedro,San Antonio,Bexar,Texas,United States,Texas--San Antonio,Atlee B. Ayres and Robert M. Ayres | architects,,,,tv=6/2/04,,,AAf481,,undated,undated,,,,tv ag,,Tue Oct 24 00:00:00 CDT 2006,,,,,,,,1998021,
9861,AA,"Ayres & Ayres, Architects records",Unidentified one story building. Alterations.,,120 Vilita St.,San Antonio,Bexar,Texas,United States,Texas--San Antonio,Atlee B. Ayres and Robert M. Ayres | architects,,,,tv=6/2/04,,,AAf482,,undated,undated,,,,tv ag,,Tue Oct 24 00:00:00 CDT 2006,,,,,,,,1998021,
9862,AA,"Ayres & Ayres, Architects records",Unidentified (Bedell?) apartment building.,,626-627 Bedell Building,San Antonio,Bexar,Texas,United States,Texas--San Antonio,Atlee B. Ayres | architect,,,,tv=6/2/04,,,AAf483,,undated,undated,,,,tv ag,,Tue Oct 24 00:00:00 CDT 2006,,,,,,,,1998021,
9863,AA,"Ayres & Ayres, Architects records",Unidentified apartment buildling,,,San Antonio,Bexar,Texas,United States,Texas--San Antonio,Atlee B. Ayres | architect,,,,,,,AAf484,,undated,undated,,,,ag,,Tue Oct 24 00:00:00 CDT 2006,,,,,,,,,
9864,AA,"Ayres & Ayres, Architects records",Unidentified three story hotel or club building.,,,,,,United States,,Atlee B. Ayres and Robert M. Ayres | architects,,,,,,,AAf485,,undated,undated,,,,ag,,Tue Oct 24 00:00:00 CDT 2006,,,,,,,,,
9865,AA,"Ayres & Ayres, Architects records",Unidentified apartment building.,,,,,,United States,,Atlee B. Ayres | architect,,,,,,,AAf486,,undated,undated,,,,ag,,Tue Oct 24 00:00:00 CDT 2006,,,,,,,,,
9866,AA,"Ayres & Ayres, Architects records",Unidentifield hotel building.,,,,,,United States,,Atlee B. Ayres | architect,,,,,,,AAf487,,undated,undated,,,,ag,,Tue Oct 24 00:00:00 CDT 2006,,,,,,,,,
9867,AA,"Ayres & Ayres, Architects records",Unidentified two story apartment building.,,,,,,United States,,Atlee B. Ayres and Robert M. Ayres | architects,,,,,,,AAf488,,undated,undated,,,,ag,,Tue Oct 24 00:00:00 CDT 2006,,,,,,,,1998021,
9868,AA,"Ayres & Ayres, Architects records",Unidentified two story apartment building.,,,,,,United States,,Atlee B. Ayres | architect,,,,,,,AAf489,,undated,undated,,,,ag,,Tue Oct 24 00:00:00 CDT 2006,,,,,,,,,
9869,AA,"Ayres & Ayres, Architects records",Hotel building (San Antonio).,,228 W. Commerce Street,San Antonio,Bexar,Texas,United States,Texas--San Antonio,Atlee B. Ayres | architect,,,,,,,AAf490,,undated,undated,,,,ag,,Tue Oct 24 00:00:00 CDT 2006,,,,,,,,,
9870,AA,"Ayres & Ayres, Architects records",Unidentified residence.,,,,,,United States,,Coughlin and Ayres,,,,,,,AAf491,,undated,undated,,,,ag,,Tue Oct 24 00:00:00 CDT 2006,,,,,,,,,
9871,AA,"Ayres & Ayres, Architects records",Unidentified residence.,,,,,,United States,,Atlee B. Ayres and Robert M. Ayres | architects,,,,,,,AAf492,,undated,undated,,,,ag,,Tue Oct 24 00:00:00 CDT 2006,,,,,,,,,
9872,AA,"Ayres & Ayres, Architects records",Unidentified two story residence.,,,,Bexar,,United States,,Atlee B. Ayres and Robert M. Ayres | architects,,,,,,,AAf493,,undated,undated,,,,ag,,Tue Oct 24 00:00:00 CDT 2006,,,,,,,,,
9873,AA,"Ayres & Ayres, Architects records",Unidentified two story residence.,,,,,,United States,,Atlee B. Ayres and Robert M. Ayres | architects,,,,,,,AAf494,,undated,undated,,,,ag,,Tue Oct 24 00:00:00 CDT 2006,,,,,,,,,
9874,AA,"Ayres & Ayres, Architects records",Unidentified residence.,,,,,,United States,,Joseph J. Patterson,,,,,,,AAf495,,undated,undated,,,,ag,,Tue Oct 24 00:00:00 CDT 2006,,,,,,,,,
9875,AA,"Ayres & Ayres, Architects records",Unidentified residence.,,,,,,United States,,Atlee B. Ayres | architect,,,,626 Bedell Building,,,AAf496,,undated,undated,,,,ag,,Tue Oct 24 00:00:00 CDT 2006,,,,,,,,,
9876,AA,"Ayres & Ayres, Architects records",Unidentified two story residence.,,,,,,United States,,Atlee B. Ayres and Robert M. Ayres | architects,,,,626 Bedell Building,,,AAf497,,undated,undated,,,,ag,,Tue Oct 24 00:00:00 CDT 2006,,,,,,,,,
9877,AA,"Ayres & Ayres, Architects records",Unidentified residence.,,,,,,United States,,Atlee B. Ayres | architect,,,,,,,AAf498,,undated,undated,,,,ag,,Tue Oct 24 00:00:00 CDT 2006,,,,,,,,,
9878,AA,"Ayres & Ayres, Architects records",Unidentified one story house.,,,,Bexar,,United States,,Atlee B. Ayres and Robert M. Ayres | architects,,,,"Dates: September 14, 1926, October 16, 1926.  Wrapper contains caption “Mrs. Robert Ayres from Mary Etta McGimsey”  djc, kap=7/25/2006",,,AAf500,,undated,undated,"trace paper
watercolors/pastels",drawings,,"djc, kap ag",,Tue Oct 24 00:00:00 CDT 2006,,"E fasteners/rehouse
tape removal",,,,,,,
9879,AA,"Ayres & Ayres, Architects records",Unidentified two storey houses.,,,,Bexar,,United States,,Atlee B. Ayres and Robert M. Ayres | architects,,,,"Dates: September 14, 1926, October 16, 1926.  Wrapper contains caption “Mrs. Robert Ayres from Mary Etta McGimsey”  djc, kap=7/25/2006",,,AAf501,,undated,undated,"trace paper
watercolors/pastels",drawings,,"djc, kap ag",,Tue Oct 24 00:00:00 CDT 2006,,"E fasteners/rehouse
tape removal",,,,,,2006016,
9880,AA,"Ayres & Ayres, Architects records",Unidentified residence. Addition.,,,,Bexar,,United States,,Atlee B. Ayres | architect,,,,,,,AAf023,,undated,undated,,,,ag,,Tue Oct 24 00:00:00 CDT 2006,,,,,,,,,
9881,AA,"Ayres & Ayres, Architects records",AAf126.,,,,,,,,unidentified | contributor,,,,During Aina Guar’s QA this folder number was missing in the sequence of numbers assigned.  Both original finding aid and drawers were checked and actual folder nor description could not be located.,,,AAf126,,undated,undated,,,,bjd ag,,Thu Feb 01 00:00:00 CST 2007,,,,,,,,,
9882,AA,"Ayres & Ayres, Architects records",AAf151.,,,,,,,,unidentified | contributor,,,,During Aina Guar’s QA this folder number was missing in the sequence of numbers assigned.  Both original finding aid and drawers were checked and actual folder nor description could not be located.,,,AAf151,,undated,undated,,,,bjd ag,,Thu Feb 01 00:00:00 CST 2007,,,,,,,,,
9883,AA,"Ayres & Ayres, Architects records",AAf164.,,,,,,,,unidentified | contributor,,,,During Aina Guar’s QA this folder number was missing in the sequence of numbers assigned.  Both original finding aid and drawers were checked and actual folder nor description could not be located.,,,AAf164,,undated,undated,,,,bjd ag,,Thu Feb 01 00:00:00 CST 2007,,,,,,,,,
9884,AA,"Ayres & Ayres, Architects records",AAf309.,,,,,,,,unidentified | contributor,,,,During Aina Guar’s QA this folder number was missing in the sequence of numbers assigned.  Both original finding aid and drawers were checked and actual folder nor description could not be located.,,,AAf309,,undated,undated,,,,bjd ag,,Thu Feb 01 00:00:00 CST 2007,,,,,,,,,
9885,AA,"Ayres & Ayres, Architects records",AAf352.,,,,,,,,unidentified | contributor,,,,During Aina Guar’s QA this folder number was missing in the sequence of numbers assigned.  Both original finding aid and drawers were checked and actual folder nor description could not be located.,,,AAf352,,undated,undated,,,,bjd ag,,Thu Feb 01 00:00:00 CST 2007,,,,,,,,,
9886,AA,"Ayres & Ayres, Architects records",AAf288.,,,,,,,,unidentified | contributor,,,,During QA of Aina Guar’s QA project this folder number was missed by AG in the sequence of numbers assigned.  To do: check dwrs and revise db.,,,AAf288,,undated,undated,,,,bjd ag,,Thu Feb 01 00:00:00 CST 2007,,,,,,,,,
9887,AA,"Ayres & Ayres, Architects records",AAf367.,,,,,,,,unidentified | contributor,,,,"During QA of Aina Guar’s project, Dodd found this number in the original finding aid but not in the db.  To do: check drawers and revise db.",,,AAf367,,undated,undated,,,,bjd ag,,Thu Feb 01 00:00:00 CST 2007,,,,,,,,,
9888,AA,"Ayres & Ayres, Architects records",AAf367.1,,,,,,,,unidentified | contributor,,,,"During QA of Aina Guar’s project, Dodd found this number in the original finding aid but not in the db.  To do: check drawers and revise db.",,,AAf367.1,,undated,undated,,,,bjd ag,,Thu Feb 01 00:00:00 CST 2007,,,,,,,,,
9889,AA,"Ayres & Ayres, Architects records",AAf367.2,,,,,,,,unidentified | contributor,,,,"During QA of Aina Guar’s project, Dodd found this number in the original finding aid but not in the db.  To do: check drawers and revise db.",,,AAf367.2,,undated,undated,,,,bjd ,,Thu Feb 01 00:00:00 CST 2007,,,,,,,,,
9890,AA,"Ayres & Ayres, Architects records",Witte Memorial Museum. Second Addition.,,3801 Broadway,San Antonio,Bexar,Texas,United States,Texas--San Antonio,Atlee B. Ayres and Robert M. Ayres | architects,,Witte Memorial Museum,,"14, 41",,,AAf314.3,,1931,1931,,,,,,,,,,,,,,,
9891,AA,"Ayres & Ayres, Architects records",Basila medical and apartment building. Proposed.,,Santa Rosa between Houston and Commerce,San Antonio,Bexar,Texas,United States,Texas--San Antonio,Atlee B. Ayres and Robert M. Ayres | architects,,"Basila, Mr. and Mrs.",,"5 pictures: 3 transparencies, 2 negatives.  There is no AAf426.1.",,,AAf426.a,,undated,undated,transparencies and negatives,,,tv,,Wed Jun 02 00:00:00 CDT 2004,,,,,,,,,
9892,AA,"Ayres & Ayres, Architects records",Basila Pharmacy.,,Laredo St,San Antonio,Bexar,Texas,United States,Texas--San Antonio,Atlee B. Ayres and Robert M. Ayres | architects,,Basila,,,,,AAf425,AAr143,1973-1974,1973-1974,,,,tv,,Wed Jun 02 00:00:00 CDT 2004,,,,,,,,,
9893,AA,"Ayres & Ayres, Architects records",Hotel El Jardin. unbuilt,,,Brownsville,,Texas,United States,Texas--Brownsville,unidentified | contributor,,,,rendering,1,,AAf469,,193-,1930s,watercolors/pastels,job files,presentation,bjd ag nls,,Thu Feb 01 00:00:00 CST 2007,Fri Mar 05 00:00:00 CST 2010,,,,,,,,
9894,AA,"Ayres & Ayres, Architects records",AAf502.,,,,,,,,unidentified | contributor,,,,During Aina Guar’s QA this folder number was missing in the sequence of numbers assigned.  Both original finding aid and drawers were checked and actual folder nor description could not be located.,,,AAf502,,undated,undated,,,,bjd ag,,Thu Feb 01 00:00:00 CST 2007,,,,,,,,,
10162,AA,"Ayres & Ayres, Architects records",One story three building complex (Dude ranch?),,,,,,,,Ayres and Ayres | architects,,,Contributor/Architect inferred by cataloger,"1 rendering sent to Kilgarlin Center PCS Paper Lab 2 students for conservation work 8/03/2007
BR-1 perspective and plan on heavyweight paper with pencil and colored pencil",,, ,,undated,undated,paper,,presentation,nls,,Fri Aug 03 00:00:00 CDT 2007,,B prof. conservator,,,,,,,
10163,AA,"Ayres & Ayres, Architects records",Modified English - cottage style residence,,,,,,,,Ayres and Ayres | architects,,,Contributor/Architect inferred by cataloger,"1 rendering sent to Kilgarlin Center PCS Paper Lab 2 students for conservation work 8/03/2007
SH-2 perspective and plan on heavyweight paper with pencil, watercolor and colored pencil",,, ,,undated,undated,paper,,presentation,nls,,Fri Aug 03 00:00:00 CDT 2007,,B prof. conservator,,,,,,,
10164,AA,"Ayres & Ayres, Architects records",Unidentified Community Center.,,,,,,,,Ayres and Ayres | architects,,,Contributor/Architect inferred by cataloger,"1 rendering sent to Kilgarlin Center PCS Paper Lab 2 students for conservation work 8/03/2007
perspective and plan on heavyweight paper",,Box# tbd mixed box on wire cart,from cabinet 53,,undated,undated,paper,,presentation,nls,,Fri Aug 03 00:00:00 CDT 2007,2023-06-09 00:00:00,B prof. conservator,,,,,,,
10165,AA,"Ayres & Ayres, Architects records",S.S. Younes residence.,,,,,,,,Ayres and Ayres | architects,,,Contributor/Architect inferred by cataloger,"1 rendering sent to Kilgarlin Center PCS Paper Lab 2 student Danielle J. Fraser for conservation work 8/03/2007 Kilgarlin Center 08-22
pencil and crayon on trace mounted on board",,Box# tbd mixed box on wire cart,from cab. 53,,undated,undated,"paper
boards",,presentation,nls,,Fri Aug 03 00:00:00 CDT 2007,2023-06-09 00:00:00,B prof. conservator,,,,,,,
10166,AA,"Ayres & Ayres, Architects records",Unidentified County Courthouse.,,,,,,,,Ayres and Ayres | architects,,,Contributor/Architect inferred by cataloger,"1 rendering sent to Kilgarlin Center PCS Paper Lab 2 student Emily Rainwater for conservation work 8/03/2007
BR-7 pencil and crayon on trace mounted on board Kilgarlin Center 08-13
Unidentified County Courthouse",,Box# tbd mixed box on wire cart,from cab. 53,,undated,undated,"paper
boards",drawings,presentation,nls,,Fri Aug 03 00:00:00 CDT 2007,2023-06-09 00:00:00,B prof. conservator,,,,,,,
10167,AA,"Ayres & Ayres, Architects records",Unidentified Spanish residence.,,,,,,,,Ayres and Ayres | architects,,,Contributor/Architect inferred by cataloger,"1 rendering sent to Kilgarlin Center PCS Paper Lab 2 student Sarah Norris for conservation work 8/03/2007
pencil and crayon mounted on board",,Box# tbd mixed box on wire cart, from cab 53,,undated,undated,"paper
boards",,presentation,nls,,Fri Aug 03 00:00:00 CDT 2007,2023-06-09 00:00:00,B prof. conservator,,,,,,,
10171,AA,"Ayres & Ayres, Architects records",Southwestern Insane Asylum. Administration Building.,,,San Antonio,Bexar,Texas,United States,Texas--San Antonio,Ayres and Ayres | architects,,Southwestern Insane Asylum,Contributor/Architect inferred by cataloger,,5,,AAf242,,undated,undated,"linens
trace paper",drawings,,nls,,Thu Aug 23 00:00:00 CDT 2007,,,,,,,,,
10172,AA,"Ayres & Ayres, Architects records",Southwestern Insane Asylum. Tubercular Cottage for Women.,,,San Antonio,Bexar,Texas,United States,Texas--San Antonio,Ayres and Ayres | architects,,Southwestern Insane Asylum,Contributor/Architect inferred by cataloger,,12,,AAf242,,undated,undated,linens,drawings,architectural/measured,nls,,Thu Aug 23 00:00:00 CDT 2007,,,,,,,,,
10173,AA,"Ayres & Ayres, Architects records",Southwestern Insane Asylum. Addition to Male Ward.,,,San Antonio,Bexar,Texas,United States,Texas--San Antonio,Ayres and Ayres | architects,,Southwestern Insane Asylum,Contributor/Architect inferred by cataloger,"sheets 1-12, 15-16",15,,AAf242,,undated,undated,linens,drawings,architectural/measured,nls,,Thu Aug 23 00:00:00 CDT 2007,,,,,,,,,
11762,AA,"Ayres & Ayres, Architects records",Unidentified motel.,,,,,,United States,,Ayres and Ayres | architects,,Unidentified motel,Contributor/Architect inferred by cataloger,sent to Kilgarlin Fall 2009 paper lab for conservation wrk,,,58e,,undated,undated,watercolors/pastels,,,nls,,,2023-08-04 00:00:00,,,,,,,,
11774,AA,"Ayres & Ayres, Architects records",Randolph Field. Administration Building. ( Taj Mahal ),,,San Antonio,Bexar,Texas,United States,Texas--San Antonio,Ayres and Ayres | architects,W. E. Simpson | engineers,Randolph Field,,"given by Milton Babbitt  12/8/2009  housed with former roll 167 now folder 167 
AA drawers room 2",20,,f167, ,undated,undated,"paper
prints (ex. bluelines)",drawings,"architectural/measured
structural",nls,,Wed Dec 09 00:00:00 CST 2009,,D humid./flatten,,,,,,2009025,
11874,AA,"Ayres & Ayres, Architects records",Kendall Inn.,,,Boerne,Kendall,Texas,United States,Texas--Boerne,Giles,,Kendall Inn,,original floor plans,,,AAf290,,undated,undated,prints (ex. bluelines),drawings,,nls,,Wed Jan 19 00:00:00 CST 2011,,,,,,,,,
14115,AA,"Ayres & Ayres, Architects records",Warehouse for Peden Iron & Steel.,,1401 S Flores,San Antonio,Bexar,Texas,United States,Texas--San Antonio,Ayres and Ayres | architects,,,,copywork aaa-batch 00206 2012-11-13  txu-aaa-aa00503 - txu-aaa-aa00511,9,,AA dr. 31e,,1912,1912,,"drawings
specifications","architectural/measured
structural",nls,,Sun Sep 29 00:00:00 CDT 2013,,,,,,,,,
14677,AA,"Ayres & Ayres, Architects records",Mission Style possible Courthouse,,,,,,,,Ayres and Ayres | architects,,,,repaired by Jamye Kilgarlin Center,1,,Rm 6 OFS D,,undated,undated,watercolors/pastels,,,nls,,Fri Mar 11 00:00:00 CST 2016,,,,,,,,,
15654,AA,"Ayres & Ayres, Architects records",Oppenheimer residence.,,Elmira and Richard Avenues,San Antonio,Bexar,Texas,United States,Texas--San Antonio,Atlee B. Ayres | architect,,"Oppenheimer, Henry",,,12,,,AAr213s,undated,undated,linens,drawings,"architectural/measured
structural
includes interiors",aav,,Tue May 30 00:00:00 CDT 2017,,,,,,,,2017015,
16270,AA,"Ayres & Ayres, Architects records",Winerich Building.,,Avenue C and 3rd St,San Antonio,Bexar,Texas,United States,Texas--San Antonio,Ayres and Ayres | architects,,Winerich,Contributor/Architect inferred by cataloger,"19, 9; first floor, second floor plans",2,,AAf219.1,AAr023,1956,1956,prints (ex. bluelines),,,nls,,,Sat Aug 03 00:00:00 CDT 2019,,,,,,,,
16950,AA,"Ayres & Ayres, Architects records","Laurel Heights Methodist Church (San Antonio, Tex.).",,Woodlawn Ave.,San Antonio,Bexar,Texas,United States,Texas--San Antonio,Ayres and Ayres | architects,,"Laurel Heights Methodist Church (San Antonio, Tex.).",Contributor/Architect inferred by cataloger,donated by the church,10,, ,AAr505,undated,undated,prints (ex. bluelines),drawings,architectural/measured,nls,,Fri Jul 03 00:00:00 CDT 2020,,B prof. conservator,,,,,,,
17132,AA,"Ayres & Ayres, Architects records","Photograph of group at AIA 59th Annual Convention, May 1926.",,,Washington D.C.,,,,,Ayres and Ayres | architects,,,,oversized photograph,1,,dr.29c (rm 3),,undated,undated,,photographic,,nls,1997-10-06 00:00:00,Thu Jan 21 00:00:00 CST 2021,,,,,,,,,
17133,AA,"Ayres & Ayres, Architects records","Photograph of group at the Texas Architects annual convention, Nov. 12, 1912.",,,,,,,,unidentified | contributor,,,,oversized photograph; back of photograph has written “ayers #3 #50”,1,,dr.29c (rm 3),,undated,undated,,photographic,,nls,1997-10-06 00:00:00,Thu Jan 21 00:00:00 CST 2021,,,,,,,,,
17308,AA,"Ayres & Ayres, Architects records","Smith Brothers Properties, Inc. store and office building (Smith - Young Tower - transit tower).",,310 St. Mary's,San Antonio,Bexar,Texas,United States,Texas--San Antonio,Atlee B. Ayres and Robert M. Ayres | architects,Lloyd D. Royer | consulting mechanical engineer,"Smith Brothers Properties, Inc.",,line negatives,,,dr 85t,,1928-1930,1928-1930,,,,nls/bjd,,2022-07-28 00:00:00,,,,,,,,,
17309,AA,"Ayres & Ayres, Architects records","copy work: Atkinson residence, Bozarth residence, Thomas Hogg residence, Fred Strauss residence, Denman residence, Sam Roberts residence, Unidentified residence - 2",,,,,,,,Atlee B. Ayres and Robert M. Ayres | architects,,,,line negatives and reduced prints,,,dr 85t,,,,,drawings,,nls/bjd,,2022-07-28 00:00:00,,,,,,,,,
17594,AA,"Ayres & Ayres, Architects records",Nix Building.,,414 Navarro,San Antonio,Bexar,Texas,United States,Texas--San Antonio,Henry Phelps,,Nix Building,,,,,AAf278  dr 48d            ,,,,"trace paper
prints (ex. bluelines)",drawings,architectural/measured,nls,,,2022-10-04 00:00:00,,,,,,,,
17667,AA,"Ayres & Ayres, Architects records",United Services Automobile Association. Home Office Building. Alterations and additions.  USAA,,,,,,United States,,Ayres and Ayres | architects,,United Services Automobile Association,Contributor/Architect inferred by cataloger,"electricity, plumbing and air conditioning",,,,AAr154,1960-1961,1960-1961,,,,nls,,,2023-04-25 00:00:00,,,,,,,,
17679,AA,"Ayres & Ayres, Architects records",Unidentified County Mission Style Courthouse.,,,,,,,,Ayres and Ayres | architects,,,Contributor/Architect inferred by cataloger,"1 rendering sent to Kilgarlin Center PCS Paper Lab 2 students for conservation work 
watercolor mounted on board",,,dr 57e,,undated,undated,"paper
boards
watercolors/pastels",drawings,presentation,nls,,2023-05-26 00:00:00,,B prof. conservator,,,,,,,
17680,AA,"Ayres & Ayres, Architects records",Unidentified Building. Possible power plant or water pumping station.,,,,,,,,Ayres and Ayres | architects,,,Contributor/Architect inferred by cataloger,"1 rendering sent to Kilgarlin Center PCS Paper Lab 2 student Conservator: Jamye, Date: 1/27/02 Temporary ID:  02-44  for conservation work; ink wash mounted on board removed from board",,,dr 57e,,undated,undated,"paper
boards",drawings,presentation,nls,,2023-05-26 00:00:00,,B prof. conservator,,,,,,,
17690,AA,"Ayres & Ayres, Architects records",Unidentified Tourist Hotel Building. Suggested design. Bird’s eye perspective.,,,,,,,,,,,,"red tile roof, U-shaped drive in front of hotel, central tower two wings, Spanish design, three outbuildings and one has a large smokestack",1,,dr. 77a,,undated,undated,boards,,design/studies and sketches,nls,,2023-07-27 00:00:00,2023-08-04 00:00:00,,,,,,,,
17691,AA,"Ayres & Ayres, Architects records",Unidentified two story residence. Pitched roof with chimney in front and side.,,,,,,,,,,,,,1,Box# tbd mixed box on wire cart,from cab 53,,undated,undated,boards,,design/studies and sketches,nls,,2023-07-27 00:00:00,,,,,,,,,
17693,AA,"Ayres & Ayres, Architects records",Perspective of Unidentified Nine Story Modern Office Building. Located on a corner.,,,,,,,,Atlee B. Ayres and Robert M. Ayres | architects,,,,Perspectives.  ,,,dr 77a,,undated,undated,"photostats
watercolors/pastels
boards",,"presentation
design/studies and sketches",nls,,2023-08-04 00:00:00,,,,,,,,,
17694,AA,"Ayres & Ayres, Architects records",Smith - Young Tower - transit tower. Oversized Photograph.,,310 St. Mary's,San Antonio,Bexar,Texas,United States,Texas--San Antonio,Atlee B. Ayres and Robert M. Ayres | architects,,"Smith Brothers Properties, Inc.",,batch #00065 txu-aaa-aa00479,,,dr 77a,,1928-1930,1928-1930,boards,photographic,,nls/bjd,,2023-07-22 00:00:00,2023-08-04 00:00:00,,,,,,,,
17695,AA,"Ayres & Ayres, Architects records",Perspective rendering of a Masonic hall. ,,,,,,,,Ayres and Ayres | architects,,,"Treatment Procedure: 1. Dry cleaned, as possible (1 hour). 2. Faced fragments with methyl cellulose and lens tissue (3 hours). 3. Removed backing mechanically, as possible (30 hours). 4. Washed fragments (5 hours).
5. Lined with thin tissue on verso (2 hours).
6. Created and adhered fills using heat-set adhesive (5 hours). 7. Inpainted areas with losses to media (10 hours). 8. Housed in a folder.
Treatment Time: 56 hours
","1 rendering sent to Kilgarlin Center PCS Paper Lab 2 student Conservators: Erin Hammeke and Brenna Campbell, Date: 1.25.06 Temporary ID:  Item: 06-07 for conservation work",,,dr 57e,,1906,1906,"paper
watercolors/pastels",drawings,"presentation
design/studies and sketches",nls,,2023-08-04 00:00:00,,B prof. conservator,,y,,,,,